look_id,axis,predicted_label,confidence
gucci_fall_2015_mens_001,silhouette,casual_relaxed,0.2897
gucci_fall_2015_mens_001,neckline_collar,turtleneck,0.3891
gucci_fall_2015_mens_001,fabric_texture,leather,0.2107
gucci_fall_2015_mens_001,pattern,solid_no_pattern,0.4524
gucci_fall_2015_mens_001,embellishment,layered_jewelry,0.4016
gucci_fall_2015_mens_002,silhouette,casual_relaxed,0.2363
gucci_fall_2015_mens_002,neckline_collar,turtleneck,0.5452
gucci_fall_2015_mens_002,fabric_texture,leather,0.3066
gucci_fall_2015_mens_002,pattern,solid_no_pattern,0.2439
gucci_fall_2015_mens_002,embellishment,statement_bow,0.2369
gucci_fall_2015_mens_003,silhouette,structured_tailored,0.5698
gucci_fall_2015_mens_003,neckline_collar,classic_shirt_collar,0.6156
gucci_fall_2015_mens_003,fabric_texture,leather,0.3943
gucci_fall_2015_mens_003,pattern,solid_no_pattern,0.301
gucci_fall_2015_mens_003,embellishment,applique_patches,0.2977
gucci_fall_2015_mens_004,silhouette,structured_tailored,0.2353
gucci_fall_2015_mens_004,neckline_collar,turtleneck,0.2522
gucci_fall_2015_mens_004,fabric_texture,cotton_jersey,0.3315
gucci_fall_2015_mens_004,pattern,floral_print,0.2259
gucci_fall_2015_mens_004,embellishment,statement_bow,0.5182
gucci_fall_2015_mens_005,silhouette,casual_relaxed,0.2623
gucci_fall_2015_mens_005,neckline_collar,crew_neckline,0.3317
gucci_fall_2015_mens_005,fabric_texture,cotton_jersey,0.3531
gucci_fall_2015_mens_005,pattern,solid_no_pattern,0.7581
gucci_fall_2015_mens_005,embellishment,layered_jewelry,0.4429
gucci_fall_2015_mens_006,silhouette,maxi_length,0.2441
gucci_fall_2015_mens_006,neckline_collar,peter_pan_collar,0.2733
gucci_fall_2015_mens_006,fabric_texture,faux_fur_trim,0.3538
gucci_fall_2015_mens_006,pattern,solid_no_pattern,0.3352
gucci_fall_2015_mens_006,embellishment,oversized_eyewear,0.8074
gucci_fall_2015_mens_007,silhouette,structured_tailored,0.3331
gucci_fall_2015_mens_007,neckline_collar,classic_shirt_collar,0.3592
gucci_fall_2015_mens_007,fabric_texture,leather,0.5687
gucci_fall_2015_mens_007,pattern,solid_no_pattern,0.4842
gucci_fall_2015_mens_007,embellishment,statement_bow,0.2842
gucci_fall_2015_mens_008,silhouette,seventies_flared,0.2308
gucci_fall_2015_mens_008,neckline_collar,turtleneck,0.2971
gucci_fall_2015_mens_008,fabric_texture,leather,0.3439
gucci_fall_2015_mens_008,pattern,polka_dot,0.231
gucci_fall_2015_mens_008,embellishment,applique_patches,0.2257
gucci_fall_2015_mens_009,silhouette,casual_relaxed,0.3307
gucci_fall_2015_mens_009,neckline_collar,classic_shirt_collar,0.4919
gucci_fall_2015_mens_009,fabric_texture,leather,0.2615
gucci_fall_2015_mens_009,pattern,animal_print,0.5331
gucci_fall_2015_mens_009,embellishment,oversized_eyewear,0.2261
gucci_fall_2015_mens_010,silhouette,casual_relaxed,0.4919
gucci_fall_2015_mens_010,neckline_collar,turtleneck,0.4638
gucci_fall_2015_mens_010,fabric_texture,cotton_jersey,0.3608
gucci_fall_2015_mens_010,pattern,solid_no_pattern,0.4788
gucci_fall_2015_mens_010,embellishment,statement_bow,0.2312
gucci_fall_2015_womens_001,silhouette,romantic_bohemian,0.4195
gucci_fall_2015_womens_001,neckline_collar,crew_neckline,0.4906
gucci_fall_2015_womens_001,fabric_texture,silk,0.2451
gucci_fall_2015_womens_001,pattern,solid_no_pattern,0.4697
gucci_fall_2015_womens_001,embellishment,layered_jewelry,0.5681
gucci_fall_2015_womens_002,silhouette,structured_tailored,0.7591
gucci_fall_2015_womens_002,neckline_collar,classic_shirt_collar,0.6041
gucci_fall_2015_womens_002,fabric_texture,brocade_jacquard,0.3394
gucci_fall_2015_womens_002,pattern,striped,0.3046
gucci_fall_2015_womens_002,embellishment,oversized_eyewear,0.3189
gucci_fall_2015_womens_003,silhouette,romantic_bohemian,0.3827
gucci_fall_2015_womens_003,neckline_collar,crew_neckline,0.2377
gucci_fall_2015_womens_003,fabric_texture,brocade_jacquard,0.3686
gucci_fall_2015_womens_003,pattern,striped,0.5976
gucci_fall_2015_womens_003,embellishment,layered_jewelry,0.3337
gucci_fall_2015_womens_004,silhouette,layered_eclectic,0.2609
gucci_fall_2015_womens_004,neckline_collar,classic_shirt_collar,0.2661
gucci_fall_2015_womens_004,fabric_texture,leather,0.2849
gucci_fall_2015_womens_004,pattern,animal_print,0.3124
gucci_fall_2015_womens_004,embellishment,layered_jewelry,0.5207
gucci_fall_2015_womens_005,silhouette,maxi_length,0.2526
gucci_fall_2015_womens_005,neckline_collar,peter_pan_collar,0.2523
gucci_fall_2015_womens_005,fabric_texture,faux_fur_trim,0.8901
gucci_fall_2015_womens_005,pattern,animal_print,0.478
gucci_fall_2015_womens_005,embellishment,oversized_eyewear,0.7651
gucci_fall_2015_womens_006,silhouette,romantic_bohemian,0.6388
gucci_fall_2015_womens_006,neckline_collar,plunging_neckline,0.7372
gucci_fall_2015_womens_006,fabric_texture,lace,0.6528
gucci_fall_2015_womens_006,pattern,floral_print,0.844
gucci_fall_2015_womens_006,embellishment,embroidery,0.4884
gucci_fall_2015_womens_007,silhouette,oversized_boxy,0.229
gucci_fall_2015_womens_007,neckline_collar,peter_pan_collar,0.4287
gucci_fall_2015_womens_007,fabric_texture,leather,0.3523
gucci_fall_2015_womens_007,pattern,solid_no_pattern,0.317
gucci_fall_2015_womens_007,embellishment,statement_bow,0.3863
gucci_fall_2015_womens_008,silhouette,casual_relaxed,0.1953
gucci_fall_2015_womens_008,neckline_collar,crew_neckline,0.4259
gucci_fall_2015_womens_008,fabric_texture,leather,0.5469
gucci_fall_2015_womens_008,pattern,solid_no_pattern,0.3809
gucci_fall_2015_womens_008,embellishment,layered_jewelry,0.4792
gucci_fall_2015_womens_009,silhouette,romantic_bohemian,0.185
gucci_fall_2015_womens_009,neckline_collar,plunging_neckline,0.405
gucci_fall_2015_womens_009,fabric_texture,faux_fur_trim,0.4367
gucci_fall_2015_womens_009,pattern,animal_print,0.4324
gucci_fall_2015_womens_009,embellishment,applique_patches,0.2079
gucci_fall_2015_womens_010,silhouette,mini_length,0.5018
gucci_fall_2015_womens_010,neckline_collar,plunging_neckline,0.5767
gucci_fall_2015_womens_010,fabric_texture,lace,0.9676
gucci_fall_2015_womens_010,pattern,floral_print,0.3741
gucci_fall_2015_womens_010,embellishment,embroidery,0.3323
gucci_fall_2015_womens_011,silhouette,layered_eclectic,0.3472
gucci_fall_2015_womens_011,neckline_collar,plunging_neckline,0.2299
gucci_fall_2015_womens_011,fabric_texture,lace,0.5297
gucci_fall_2015_womens_011,pattern,floral_print,0.7536
gucci_fall_2015_womens_011,embellishment,embroidery,0.4617
gucci_fall_2015_womens_012,silhouette,romantic_bohemian,0.4783
gucci_fall_2015_womens_012,neckline_collar,peter_pan_collar,0.5438
gucci_fall_2015_womens_012,fabric_texture,lace,0.3869
gucci_fall_2015_womens_012,pattern,polka_dot,0.7633
gucci_fall_2015_womens_012,embellishment,embroidery,0.4205
gucci_fall_2015_womens_013,silhouette,casual_relaxed,0.3479
gucci_fall_2015_womens_013,neckline_collar,classic_shirt_collar,0.4307
gucci_fall_2015_womens_013,fabric_texture,leather,0.3224
gucci_fall_2015_womens_013,pattern,solid_no_pattern,0.2648
gucci_fall_2015_womens_013,embellishment,layered_jewelry,0.3464
gucci_spring_2016_mens_001,silhouette,casual_relaxed,0.2789
gucci_spring_2016_mens_001,neckline_collar,classic_shirt_collar,0.6283
gucci_spring_2016_mens_001,fabric_texture,cotton_jersey,0.36
gucci_spring_2016_mens_001,pattern,floral_print,0.8078
gucci_spring_2016_mens_001,embellishment,applique_patches,0.4481
gucci_spring_2016_mens_002,silhouette,structured_tailored,0.3766
gucci_spring_2016_mens_002,neckline_collar,classic_shirt_collar,0.6036
gucci_spring_2016_mens_002,fabric_texture,brocade_jacquard,0.3064
gucci_spring_2016_mens_002,pattern,striped,0.2158
gucci_spring_2016_mens_002,embellishment,oversized_eyewear,0.4649
gucci_spring_2016_mens_003,silhouette,structured_tailored,0.7322
gucci_spring_2016_mens_003,neckline_collar,classic_shirt_collar,0.7533
gucci_spring_2016_mens_003,fabric_texture,brocade_jacquard,0.5848
gucci_spring_2016_mens_003,pattern,polka_dot,0.2766
gucci_spring_2016_mens_003,embellishment,applique_patches,0.2631
gucci_spring_2016_mens_004,silhouette,structured_tailored,0.7105
gucci_spring_2016_mens_004,neckline_collar,classic_shirt_collar,0.7732
gucci_spring_2016_mens_004,fabric_texture,brocade_jacquard,0.497
gucci_spring_2016_mens_004,pattern,polka_dot,0.6645
gucci_spring_2016_mens_004,embellishment,oversized_eyewear,0.7237
gucci_spring_2016_mens_005,silhouette,maxi_length,0.1994
gucci_spring_2016_mens_005,neckline_collar,classic_shirt_collar,0.2878
gucci_spring_2016_mens_005,fabric_texture,sequined_metallic,0.8086
gucci_spring_2016_mens_005,pattern,floral_print,0.4978
gucci_spring_2016_mens_005,embellishment,crystal_rhinestone,0.4767
gucci_spring_2016_mens_006,silhouette,structured_tailored,0.7272
gucci_spring_2016_mens_006,neckline_collar,classic_shirt_collar,0.6972
gucci_spring_2016_mens_006,fabric_texture,brocade_jacquard,0.5394
gucci_spring_2016_mens_006,pattern,floral_print,0.3223
gucci_spring_2016_mens_006,embellishment,applique_patches,0.3495
gucci_spring_2016_womens_001,silhouette,mini_length,0.2906
gucci_spring_2016_womens_001,neckline_collar,plunging_neckline,0.5007
gucci_spring_2016_womens_001,fabric_texture,lace,0.4778
gucci_spring_2016_womens_001,pattern,floral_print,0.5042
gucci_spring_2016_womens_001,embellishment,embroidery,0.5533
gucci_spring_2016_womens_002,silhouette,romantic_bohemian,0.2746
gucci_spring_2016_womens_002,neckline_collar,plunging_neckline,0.5054
gucci_spring_2016_womens_002,fabric_texture,brocade_jacquard,0.4334
gucci_spring_2016_womens_002,pattern,floral_print,0.3377
gucci_spring_2016_womens_002,embellishment,layered_jewelry,0.4832
gucci_spring_2016_womens_003,silhouette,romantic_bohemian,0.628
gucci_spring_2016_womens_003,neckline_collar,plunging_neckline,0.6394
gucci_spring_2016_womens_003,fabric_texture,lace,0.7687
gucci_spring_2016_womens_003,pattern,floral_print,0.5155
gucci_spring_2016_womens_003,embellishment,pearls,0.3627
gucci_spring_2016_womens_004,silhouette,romantic_bohemian,0.6758
gucci_spring_2016_womens_004,neckline_collar,plunging_neckline,0.677
gucci_spring_2016_womens_004,fabric_texture,lace,0.6377
gucci_spring_2016_womens_004,pattern,floral_print,0.4259
gucci_spring_2016_womens_004,embellishment,embroidery,0.5168
gucci_spring_2016_womens_005,silhouette,structured_tailored,0.3298
gucci_spring_2016_womens_005,neckline_collar,classic_shirt_collar,0.5257
gucci_spring_2016_womens_005,fabric_texture,brocade_jacquard,0.2917
gucci_spring_2016_womens_005,pattern,psychedelic_geometric,0.3114
gucci_spring_2016_womens_005,embellishment,oversized_eyewear,0.3775
gucci_spring_2016_womens_006,silhouette,romantic_bohemian,0.4228
gucci_spring_2016_womens_006,neckline_collar,crew_neckline,0.4296
gucci_spring_2016_womens_006,fabric_texture,lace,0.3242
gucci_spring_2016_womens_006,pattern,floral_print,0.444
gucci_spring_2016_womens_006,embellishment,layered_jewelry,0.6684
gucci_spring_2016_womens_007,silhouette,romantic_bohemian,0.2712
gucci_spring_2016_womens_007,neckline_collar,peter_pan_collar,0.5288
gucci_spring_2016_womens_007,fabric_texture,brocade_jacquard,0.4108
gucci_spring_2016_womens_007,pattern,floral_print,0.649
gucci_spring_2016_womens_007,embellishment,embroidery,0.3789
gucci_spring_2016_womens_008,silhouette,maxi_length,0.4979
gucci_spring_2016_womens_008,neckline_collar,plunging_neckline,0.5806
gucci_spring_2016_womens_008,fabric_texture,lace,0.4039
gucci_spring_2016_womens_008,pattern,floral_print,0.3433
gucci_spring_2016_womens_008,embellishment,statement_bow,0.2351
gucci_spring_2016_womens_009,silhouette,structured_tailored,0.2735
gucci_spring_2016_womens_009,neckline_collar,pussy_bow,0.462
gucci_spring_2016_womens_009,fabric_texture,brocade_jacquard,0.5274
gucci_spring_2016_womens_009,pattern,floral_print,0.6219
gucci_spring_2016_womens_009,embellishment,embroidery,0.2825
gucci_spring_2016_womens_010,silhouette,romantic_bohemian,0.2718
gucci_spring_2016_womens_010,neckline_collar,crew_neckline,0.2971
gucci_spring_2016_womens_010,fabric_texture,sequined_metallic,0.6014
gucci_spring_2016_womens_010,pattern,psychedelic_geometric,0.6895
gucci_spring_2016_womens_010,embellishment,layered_jewelry,0.3326
gucci_spring_2016_womens_011,silhouette,mini_length,0.4347
gucci_spring_2016_womens_011,neckline_collar,plunging_neckline,0.4854
gucci_spring_2016_womens_011,fabric_texture,lace,0.5032
gucci_spring_2016_womens_011,pattern,psychedelic_geometric,0.4609
gucci_spring_2016_womens_011,embellishment,embroidery,0.4784
gucci_spring_2016_womens_012,silhouette,romantic_bohemian,0.4718
gucci_spring_2016_womens_012,neckline_collar,plunging_neckline,0.3418
gucci_spring_2016_womens_012,fabric_texture,brocade_jacquard,0.5483
gucci_spring_2016_womens_012,pattern,floral_print,0.4177
gucci_spring_2016_womens_012,embellishment,embroidery,0.5169
gucci_fall_2016_mens_001,silhouette,structured_tailored,0.7897
gucci_fall_2016_mens_001,neckline_collar,classic_shirt_collar,0.3302
gucci_fall_2016_mens_001,fabric_texture,leather,0.2552
gucci_fall_2016_mens_001,pattern,solid_no_pattern,0.3953
gucci_fall_2016_mens_001,embellishment,pearls,0.3879
gucci_fall_2016_mens_002,silhouette,structured_tailored,0.2563
gucci_fall_2016_mens_002,neckline_collar,turtleneck,0.2493
gucci_fall_2016_mens_002,fabric_texture,faux_fur_trim,0.3326
gucci_fall_2016_mens_002,pattern,animal_print,0.6739
gucci_fall_2016_mens_002,embellishment,crystal_rhinestone,0.3773
gucci_fall_2016_mens_003,silhouette,structured_tailored,0.198
gucci_fall_2016_mens_003,neckline_collar,pussy_bow,0.2845
gucci_fall_2016_mens_003,fabric_texture,velvet,0.3558
gucci_fall_2016_mens_003,pattern,solid_no_pattern,0.5869
gucci_fall_2016_mens_003,embellishment,embroidery,0.2204
gucci_fall_2016_mens_004,silhouette,romantic_bohemian,0.3077
gucci_fall_2016_mens_004,neckline_collar,plunging_neckline,0.3349
gucci_fall_2016_mens_004,fabric_texture,sequined_metallic,0.4501
gucci_fall_2016_mens_004,pattern,animal_print,0.6864
gucci_fall_2016_mens_004,embellishment,pearls,0.3223
gucci_fall_2016_mens_005,silhouette,maxi_length,0.5481
gucci_fall_2016_mens_005,neckline_collar,plunging_neckline,0.4788
gucci_fall_2016_mens_005,fabric_texture,lace,0.3711
gucci_fall_2016_mens_005,pattern,solid_no_pattern,0.313
gucci_fall_2016_mens_005,embellishment,pearls,0.5377
gucci_fall_2016_mens_006,silhouette,structured_tailored,0.6643
gucci_fall_2016_mens_006,neckline_collar,classic_shirt_collar,0.6889
gucci_fall_2016_mens_006,fabric_texture,velvet,0.3251
gucci_fall_2016_mens_006,pattern,solid_no_pattern,0.48
gucci_fall_2016_mens_006,embellishment,pearls,0.347
gucci_fall_2016_mens_007,silhouette,seventies_flared,0.1877
gucci_fall_2016_mens_007,neckline_collar,pussy_bow,0.2902
gucci_fall_2016_mens_007,fabric_texture,sequined_metallic,0.399
gucci_fall_2016_mens_007,pattern,animal_print,0.5162
gucci_fall_2016_mens_007,embellishment,crystal_rhinestone,0.281
gucci_fall_2016_mens_008,silhouette,mini_length,0.4047
gucci_fall_2016_mens_008,neckline_collar,peter_pan_collar,0.2488
gucci_fall_2016_mens_008,fabric_texture,sequined_metallic,0.4717
gucci_fall_2016_mens_008,pattern,psychedelic_geometric,0.5144
gucci_fall_2016_mens_008,embellishment,oversized_eyewear,0.3035
gucci_fall_2016_mens_009,silhouette,romantic_bohemian,0.476
gucci_fall_2016_mens_009,neckline_collar,crew_neckline,0.3557
gucci_fall_2016_mens_009,fabric_texture,cotton_jersey,0.2389
gucci_fall_2016_mens_009,pattern,solid_no_pattern,0.4588
gucci_fall_2016_mens_009,embellishment,statement_bow,0.3382
gucci_fall_2016_mens_010,silhouette,structured_tailored,0.269
gucci_fall_2016_mens_010,neckline_collar,classic_shirt_collar,0.2199
gucci_fall_2016_mens_010,fabric_texture,velvet,0.3183
gucci_fall_2016_mens_010,pattern,logo_monogram,0.2048
gucci_fall_2016_mens_010,embellishment,applique_patches,0.3967
gucci_fall_2016_mens_011,silhouette,romantic_bohemian,0.2923
gucci_fall_2016_mens_011,neckline_collar,ruffled_high_collar,0.3741
gucci_fall_2016_mens_011,fabric_texture,velvet,0.3182
gucci_fall_2016_mens_011,pattern,floral_print,0.3409
gucci_fall_2016_mens_011,embellishment,applique_patches,0.2255
gucci_fall_2016_womens_001,silhouette,maxi_length,0.2077
gucci_fall_2016_womens_001,neckline_collar,plunging_neckline,0.226
gucci_fall_2016_womens_001,fabric_texture,leather,0.4186
gucci_fall_2016_womens_001,pattern,solid_no_pattern,0.3773
gucci_fall_2016_womens_001,embellishment,pearls,0.2114
gucci_fall_2016_womens_002,silhouette,maxi_length,0.3461
gucci_fall_2016_womens_002,neckline_collar,ruffled_high_collar,0.3109
gucci_fall_2016_womens_002,fabric_texture,faux_fur_trim,0.7213
gucci_fall_2016_womens_002,pattern,solid_no_pattern,0.3587
gucci_fall_2016_womens_002,embellishment,statement_bow,0.421
gucci_fall_2016_womens_003,silhouette,structured_tailored,0.34
gucci_fall_2016_womens_003,neckline_collar,pussy_bow,0.454
gucci_fall_2016_womens_003,fabric_texture,velvet,0.2733
gucci_fall_2016_womens_003,pattern,solid_no_pattern,0.5704
gucci_fall_2016_womens_003,embellishment,statement_bow,0.4339
gucci_fall_2016_womens_004,silhouette,romantic_bohemian,0.1891
gucci_fall_2016_womens_004,neckline_collar,peter_pan_collar,0.2174
gucci_fall_2016_womens_004,fabric_texture,leather,0.2989
gucci_fall_2016_womens_004,pattern,animal_print,0.2571
gucci_fall_2016_womens_004,embellishment,layered_jewelry,0.3251
gucci_fall_2016_womens_005,silhouette,mini_length,0.4759
gucci_fall_2016_womens_005,neckline_collar,peter_pan_collar,0.6527
gucci_fall_2016_womens_005,fabric_texture,leather,0.6633
gucci_fall_2016_womens_005,pattern,psychedelic_geometric,0.1708
gucci_fall_2016_womens_005,embellishment,statement_bow,0.2687
gucci_fall_2016_womens_006,silhouette,mini_length,0.3549
gucci_fall_2016_womens_006,neckline_collar,pussy_bow,0.257
gucci_fall_2016_womens_006,fabric_texture,sequined_metallic,0.7719
gucci_fall_2016_womens_006,pattern,psychedelic_geometric,0.5141
gucci_fall_2016_womens_006,embellishment,crystal_rhinestone,0.326
gucci_fall_2016_womens_007,silhouette,romantic_bohemian,0.7327
gucci_fall_2016_womens_007,neckline_collar,plunging_neckline,0.7576
gucci_fall_2016_womens_007,fabric_texture,lace,0.9193
gucci_fall_2016_womens_007,pattern,animal_print,0.2393
gucci_fall_2016_womens_007,embellishment,pearls,0.324
gucci_fall_2016_womens_008,silhouette,mini_length,0.2434
gucci_fall_2016_womens_008,neckline_collar,pussy_bow,0.3247
gucci_fall_2016_womens_008,fabric_texture,lace,0.2067
gucci_fall_2016_womens_008,pattern,psychedelic_geometric,0.4315
gucci_fall_2016_womens_008,embellishment,applique_patches,0.3714
gucci_fall_2016_womens_009,silhouette,mini_length,0.3788
gucci_fall_2016_womens_009,neckline_collar,peter_pan_collar,0.7009
gucci_fall_2016_womens_009,fabric_texture,cotton_jersey,0.2928
gucci_fall_2016_womens_009,pattern,psychedelic_geometric,0.2137
gucci_fall_2016_womens_009,embellishment,statement_bow,0.4789
gucci_fall_2016_womens_010,silhouette,maxi_length,0.4951
gucci_fall_2016_womens_010,neckline_collar,plunging_neckline,0.782
gucci_fall_2016_womens_010,fabric_texture,lace,0.6598
gucci_fall_2016_womens_010,pattern,floral_print,0.3875
gucci_fall_2016_womens_010,embellishment,pearls,0.288
gucci_fall_2016_womens_011,silhouette,mini_length,0.791
gucci_fall_2016_womens_011,neckline_collar,peter_pan_collar,0.2678
gucci_fall_2016_womens_011,fabric_texture,sequined_metallic,0.8646
gucci_fall_2016_womens_011,pattern,animal_print,0.3228
gucci_fall_2016_womens_011,embellishment,crystal_rhinestone,0.5895
gucci_fall_2016_womens_012,silhouette,romantic_bohemian,0.2758
gucci_fall_2016_womens_012,neckline_collar,plunging_neckline,0.2819
gucci_fall_2016_womens_012,fabric_texture,lace,0.5829
gucci_fall_2016_womens_012,pattern,floral_print,0.5024
gucci_fall_2016_womens_012,embellishment,embroidery,0.3867
gucci_fall_2016_womens_013,silhouette,romantic_bohemian,0.4838
gucci_fall_2016_womens_013,neckline_collar,plunging_neckline,0.7139
gucci_fall_2016_womens_013,fabric_texture,lace,0.61
gucci_fall_2016_womens_013,pattern,floral_print,0.9184
gucci_fall_2016_womens_013,embellishment,embroidery,0.7308
gucci_fall_2016_womens_014,silhouette,maxi_length,0.4342
gucci_fall_2016_womens_014,neckline_collar,plunging_neckline,0.579
gucci_fall_2016_womens_014,fabric_texture,lace,0.6841
gucci_fall_2016_womens_014,pattern,floral_print,0.4203
gucci_fall_2016_womens_014,embellishment,crystal_rhinestone,0.4006
gucci_spring_2017_mens_001,silhouette,mini_length,0.3376
gucci_spring_2017_mens_001,neckline_collar,peter_pan_collar,0.3973
gucci_spring_2017_mens_001,fabric_texture,cotton_jersey,0.2996
gucci_spring_2017_mens_001,pattern,solid_no_pattern,0.2614
gucci_spring_2017_mens_001,embellishment,embroidery,0.4026
gucci_spring_2017_mens_002,silhouette,mini_length,0.34
gucci_spring_2017_mens_002,neckline_collar,peter_pan_collar,0.4935
gucci_spring_2017_mens_002,fabric_texture,cotton_jersey,0.3342
gucci_spring_2017_mens_002,pattern,logo_monogram,0.5053
gucci_spring_2017_mens_002,embellishment,applique_patches,0.4298
gucci_spring_2017_mens_003,silhouette,casual_relaxed,0.3471
gucci_spring_2017_mens_003,neckline_collar,classic_shirt_collar,0.3245
gucci_spring_2017_mens_003,fabric_texture,cotton_jersey,0.5961
gucci_spring_2017_mens_003,pattern,graphic_print,0.474
gucci_spring_2017_mens_003,embellishment,oversized_eyewear,0.3425
gucci_spring_2017_mens_004,silhouette,structured_tailored,0.6323
gucci_spring_2017_mens_004,neckline_collar,classic_shirt_collar,0.4642
gucci_spring_2017_mens_004,fabric_texture,leather,0.2964
gucci_spring_2017_mens_004,pattern,animal_print,0.2113
gucci_spring_2017_mens_004,embellishment,embroidery,0.2415
gucci_spring_2017_mens_005,silhouette,maxi_length,0.3277
gucci_spring_2017_mens_005,neckline_collar,pussy_bow,0.4202
gucci_spring_2017_mens_005,fabric_texture,brocade_jacquard,0.2754
gucci_spring_2017_mens_005,pattern,striped,0.3089
gucci_spring_2017_mens_005,embellishment,applique_patches,0.2583
gucci_spring_2017_mens_006,silhouette,seventies_flared,0.2419
gucci_spring_2017_mens_006,neckline_collar,pussy_bow,0.3211
gucci_spring_2017_mens_006,fabric_texture,faux_fur_trim,0.3193
gucci_spring_2017_mens_006,pattern,logo_monogram,0.5095
gucci_spring_2017_mens_006,embellishment,applique_patches,0.5441
gucci_spring_2017_mens_007,silhouette,structured_tailored,0.3125
gucci_spring_2017_mens_007,neckline_collar,classic_shirt_collar,0.4968
gucci_spring_2017_mens_007,fabric_texture,leather,0.7431
gucci_spring_2017_mens_007,pattern,animal_print,0.2298
gucci_spring_2017_mens_007,embellishment,applique_patches,0.286
gucci_spring_2017_mens_008,silhouette,structured_tailored,0.2843
gucci_spring_2017_mens_008,neckline_collar,classic_shirt_collar,0.5804
gucci_spring_2017_mens_008,fabric_texture,cotton_jersey,0.2865
gucci_spring_2017_mens_008,pattern,floral_print,0.5716
gucci_spring_2017_mens_008,embellishment,applique_patches,0.3668
gucci_spring_2017_mens_009,silhouette,structured_tailored,0.7808
gucci_spring_2017_mens_009,neckline_collar,pussy_bow,0.306
gucci_spring_2017_mens_009,fabric_texture,cotton_jersey,0.2508
gucci_spring_2017_mens_009,pattern,logo_monogram,0.232
gucci_spring_2017_mens_009,embellishment,oversized_eyewear,0.3711
gucci_spring_2017_mens_010,silhouette,layered_eclectic,0.2606
gucci_spring_2017_mens_010,neckline_collar,turtleneck,0.4995
gucci_spring_2017_mens_010,fabric_texture,leather,0.3082
gucci_spring_2017_mens_010,pattern,striped,0.2588
gucci_spring_2017_mens_010,embellishment,applique_patches,0.4242
gucci_spring_2017_mens_011,silhouette,mini_length,0.2459
gucci_spring_2017_mens_011,neckline_collar,peter_pan_collar,0.3245
gucci_spring_2017_mens_011,fabric_texture,cotton_jersey,0.2646
gucci_spring_2017_mens_011,pattern,floral_print,0.5826
gucci_spring_2017_mens_011,embellishment,applique_patches,0.4459
gucci_spring_2017_mens_012,silhouette,structured_tailored,0.6081
gucci_spring_2017_mens_012,neckline_collar,peter_pan_collar,0.5227
gucci_spring_2017_mens_012,fabric_texture,velvet,0.2547
gucci_spring_2017_mens_012,pattern,logo_monogram,0.4138
gucci_spring_2017_mens_012,embellishment,applique_patches,0.3256
gucci_spring_2017_womens_001,silhouette,casual_relaxed,0.2444
gucci_spring_2017_womens_001,neckline_collar,classic_shirt_collar,0.3216
gucci_spring_2017_womens_001,fabric_texture,leather,0.5342
gucci_spring_2017_womens_001,pattern,polka_dot,0.3278
gucci_spring_2017_womens_001,embellishment,oversized_eyewear,0.4995
gucci_spring_2017_womens_002,silhouette,maxi_length,0.4913
gucci_spring_2017_womens_002,neckline_collar,plunging_neckline,0.5717
gucci_spring_2017_womens_002,fabric_texture,lace,0.3696
gucci_spring_2017_womens_002,pattern,floral_print,0.6785
gucci_spring_2017_womens_002,embellishment,embroidery,0.2861
gucci_spring_2017_womens_003,silhouette,romantic_bohemian,0.3682
gucci_spring_2017_womens_003,neckline_collar,plunging_neckline,0.4632
gucci_spring_2017_womens_003,fabric_texture,lace,0.6606
gucci_spring_2017_womens_003,pattern,solid_no_pattern,0.3051
gucci_spring_2017_womens_003,embellishment,crystal_rhinestone,0.4932
gucci_spring_2017_womens_004,silhouette,maxi_length,0.4404
gucci_spring_2017_womens_004,neckline_collar,pussy_bow,0.4151
gucci_spring_2017_womens_004,fabric_texture,sequined_metallic,0.2894
gucci_spring_2017_womens_004,pattern,animal_print,0.5797
gucci_spring_2017_womens_004,embellishment,crystal_rhinestone,0.3761
gucci_spring_2017_womens_005,silhouette,maxi_length,0.6368
gucci_spring_2017_womens_005,neckline_collar,plunging_neckline,0.5231
gucci_spring_2017_womens_005,fabric_texture,lace,0.2796
gucci_spring_2017_womens_005,pattern,psychedelic_geometric,0.4725
gucci_spring_2017_womens_005,embellishment,layered_jewelry,0.3006
gucci_spring_2017_womens_006,silhouette,mini_length,0.5154
gucci_spring_2017_womens_006,neckline_collar,peter_pan_collar,0.4098
gucci_spring_2017_womens_006,fabric_texture,leather,0.2919
gucci_spring_2017_womens_006,pattern,polka_dot,0.2604
gucci_spring_2017_womens_006,embellishment,oversized_eyewear,0.4526
gucci_spring_2017_womens_007,silhouette,romantic_bohemian,0.6384
gucci_spring_2017_womens_007,neckline_collar,plunging_neckline,0.6353
gucci_spring_2017_womens_007,fabric_texture,lace,0.4807
gucci_spring_2017_womens_007,pattern,graphic_print,0.2792
gucci_spring_2017_womens_007,embellishment,crystal_rhinestone,0.3611
gucci_spring_2017_womens_008,silhouette,maxi_length,0.327
gucci_spring_2017_womens_008,neckline_collar,ruffled_high_collar,0.2798
gucci_spring_2017_womens_008,fabric_texture,velvet,0.4149
gucci_spring_2017_womens_008,pattern,floral_print,0.3653
gucci_spring_2017_womens_008,embellishment,statement_bow,0.5096
gucci_spring_2017_womens_009,silhouette,maxi_length,0.8672
gucci_spring_2017_womens_009,neckline_collar,plunging_neckline,0.4113
gucci_spring_2017_womens_009,fabric_texture,sequined_metallic,0.7588
gucci_spring_2017_womens_009,pattern,animal_print,0.4437
gucci_spring_2017_womens_009,embellishment,crystal_rhinestone,0.7151
gucci_spring_2017_womens_010,silhouette,romantic_bohemian,0.2943
gucci_spring_2017_womens_010,neckline_collar,plunging_neckline,0.4339
gucci_spring_2017_womens_010,fabric_texture,sequined_metallic,0.5238
gucci_spring_2017_womens_010,pattern,animal_print,0.7173
gucci_spring_2017_womens_010,embellishment,crystal_rhinestone,0.5406
gucci_spring_2017_womens_011,silhouette,romantic_bohemian,0.7052
gucci_spring_2017_womens_011,neckline_collar,plunging_neckline,0.3578
gucci_spring_2017_womens_011,fabric_texture,lace,0.6602
gucci_spring_2017_womens_011,pattern,floral_print,0.8885
gucci_spring_2017_womens_011,embellishment,embroidery,0.633
gucci_spring_2017_womens_012,silhouette,romantic_bohemian,0.4463
gucci_spring_2017_womens_012,neckline_collar,plunging_neckline,0.6431
gucci_spring_2017_womens_012,fabric_texture,lace,0.3594
gucci_spring_2017_womens_012,pattern,floral_print,0.6929
gucci_spring_2017_womens_012,embellishment,oversized_eyewear,0.3259
gucci_spring_2017_womens_013,silhouette,romantic_bohemian,0.4777
gucci_spring_2017_womens_013,neckline_collar,ruffled_high_collar,0.3916
gucci_spring_2017_womens_013,fabric_texture,lace,0.7245
gucci_spring_2017_womens_013,pattern,floral_print,0.6291
gucci_spring_2017_womens_013,embellishment,pearls,0.3216
gucci_spring_2017_womens_014,silhouette,maxi_length,0.3289
gucci_spring_2017_womens_014,neckline_collar,pussy_bow,0.7595
gucci_spring_2017_womens_014,fabric_texture,lace,0.2354
gucci_spring_2017_womens_014,pattern,floral_print,0.5123
gucci_spring_2017_womens_014,embellishment,oversized_eyewear,0.323
gucci_fall_2017_mens_001,silhouette,layered_eclectic,0.614
gucci_fall_2017_mens_001,neckline_collar,peter_pan_collar,0.3461
gucci_fall_2017_mens_001,fabric_texture,brocade_jacquard,0.3033
gucci_fall_2017_mens_001,pattern,psychedelic_geometric,0.4985
gucci_fall_2017_mens_001,embellishment,applique_patches,0.5153
gucci_fall_2017_mens_002,silhouette,structured_tailored,0.2961
gucci_fall_2017_mens_002,neckline_collar,pussy_bow,0.2053
gucci_fall_2017_mens_002,fabric_texture,velvet,0.3551
gucci_fall_2017_mens_002,pattern,psychedelic_geometric,0.2434
gucci_fall_2017_mens_002,embellishment,applique_patches,0.2605
gucci_fall_2017_mens_003,silhouette,layered_eclectic,0.3317
gucci_fall_2017_mens_003,neckline_collar,peter_pan_collar,0.453
gucci_fall_2017_mens_003,fabric_texture,cotton_jersey,0.2833
gucci_fall_2017_mens_003,pattern,striped,0.354
gucci_fall_2017_mens_003,embellishment,applique_patches,0.3769
gucci_fall_2017_mens_004,silhouette,maxi_length,0.2014
gucci_fall_2017_mens_004,neckline_collar,peter_pan_collar,0.3021
gucci_fall_2017_mens_004,fabric_texture,leather,0.4138
gucci_fall_2017_mens_004,pattern,logo_monogram,0.2742
gucci_fall_2017_mens_004,embellishment,statement_bow,0.301
gucci_fall_2017_mens_005,silhouette,structured_tailored,0.1879
gucci_fall_2017_mens_005,neckline_collar,pussy_bow,0.3182
gucci_fall_2017_mens_005,fabric_texture,lace,0.3875
gucci_fall_2017_mens_005,pattern,striped,0.3127
gucci_fall_2017_mens_005,embellishment,oversized_eyewear,0.4833
gucci_fall_2017_mens_006,silhouette,mini_length,0.5989
gucci_fall_2017_mens_006,neckline_collar,classic_shirt_collar,0.258
gucci_fall_2017_mens_006,fabric_texture,lace,0.2808
gucci_fall_2017_mens_006,pattern,floral_print,0.2867
gucci_fall_2017_mens_006,embellishment,embroidery,0.3933
gucci_fall_2017_mens_007,silhouette,structured_tailored,0.6325
gucci_fall_2017_mens_007,neckline_collar,classic_shirt_collar,0.5347
gucci_fall_2017_mens_007,fabric_texture,brocade_jacquard,0.2577
gucci_fall_2017_mens_007,pattern,polka_dot,0.4913
gucci_fall_2017_mens_007,embellishment,statement_bow,0.2818
gucci_fall_2017_mens_008,silhouette,maxi_length,0.3565
gucci_fall_2017_mens_008,neckline_collar,turtleneck,0.2366
gucci_fall_2017_mens_008,fabric_texture,faux_fur_trim,0.6535
gucci_fall_2017_mens_008,pattern,solid_no_pattern,0.301
gucci_fall_2017_mens_008,embellishment,statement_bow,0.2986
gucci_fall_2017_mens_009,silhouette,mini_length,0.2448
gucci_fall_2017_mens_009,neckline_collar,classic_shirt_collar,0.3085
gucci_fall_2017_mens_009,fabric_texture,cotton_jersey,0.2063
gucci_fall_2017_mens_009,pattern,polka_dot,0.2277
gucci_fall_2017_mens_009,embellishment,oversized_eyewear,0.3513
gucci_fall_2017_mens_010,silhouette,layered_eclectic,0.4344
gucci_fall_2017_mens_010,neckline_collar,pussy_bow,0.4147
gucci_fall_2017_mens_010,fabric_texture,faux_fur_trim,0.4131
gucci_fall_2017_mens_010,pattern,logo_monogram,0.216
gucci_fall_2017_mens_010,embellishment,applique_patches,0.6092
gucci_fall_2017_mens_011,silhouette,structured_tailored,0.3518
gucci_fall_2017_mens_011,neckline_collar,pussy_bow,0.5916
gucci_fall_2017_mens_011,fabric_texture,brocade_jacquard,0.2871
gucci_fall_2017_mens_011,pattern,polka_dot,0.6423
gucci_fall_2017_mens_011,embellishment,applique_patches,0.2525
gucci_fall_2017_mens_012,silhouette,casual_relaxed,0.3496
gucci_fall_2017_mens_012,neckline_collar,crew_neckline,0.5085
gucci_fall_2017_mens_012,fabric_texture,sequined_metallic,0.475
gucci_fall_2017_mens_012,pattern,floral_print,0.3859
gucci_fall_2017_mens_012,embellishment,applique_patches,0.4472
gucci_fall_2017_mens_013,silhouette,mini_length,0.4019
gucci_fall_2017_mens_013,neckline_collar,peter_pan_collar,0.7317
gucci_fall_2017_mens_013,fabric_texture,faux_fur_trim,0.3814
gucci_fall_2017_mens_013,pattern,logo_monogram,0.3635
gucci_fall_2017_mens_013,embellishment,applique_patches,0.3881
gucci_fall_2017_mens_014,silhouette,layered_eclectic,0.2381
gucci_fall_2017_mens_014,neckline_collar,pussy_bow,0.3654
gucci_fall_2017_mens_014,fabric_texture,lace,0.3848
gucci_fall_2017_mens_014,pattern,floral_print,0.5648
gucci_fall_2017_mens_014,embellishment,oversized_eyewear,0.6062
gucci_fall_2017_womens_001,silhouette,layered_eclectic,0.2973
gucci_fall_2017_womens_001,neckline_collar,crew_neckline,0.2598
gucci_fall_2017_womens_001,fabric_texture,sequined_metallic,0.3986
gucci_fall_2017_womens_001,pattern,psychedelic_geometric,0.551
gucci_fall_2017_womens_001,embellishment,embroidery,0.2909
gucci_fall_2017_womens_002,silhouette,maxi_length,0.4403
gucci_fall_2017_womens_002,neckline_collar,ruffled_high_collar,0.467
gucci_fall_2017_womens_002,fabric_texture,faux_fur_trim,0.5964
gucci_fall_2017_womens_002,pattern,psychedelic_geometric,0.194
gucci_fall_2017_womens_002,embellishment,statement_bow,0.3952
gucci_fall_2017_womens_003,silhouette,maxi_length,0.5466
gucci_fall_2017_womens_003,neckline_collar,turtleneck,0.2357
gucci_fall_2017_womens_003,fabric_texture,faux_fur_trim,0.7699
gucci_fall_2017_womens_003,pattern,logo_monogram,0.2651
gucci_fall_2017_womens_003,embellishment,statement_bow,0.2103
gucci_fall_2017_womens_004,silhouette,layered_eclectic,0.1948
gucci_fall_2017_womens_004,neckline_collar,peter_pan_collar,0.4552
gucci_fall_2017_womens_004,fabric_texture,cotton_jersey,0.2568
gucci_fall_2017_womens_004,pattern,striped,0.5346
gucci_fall_2017_womens_004,embellishment,applique_patches,0.3376
gucci_fall_2017_womens_005,silhouette,romantic_bohemian,0.441
gucci_fall_2017_womens_005,neckline_collar,ruffled_high_collar,0.4989
gucci_fall_2017_womens_005,fabric_texture,lace,0.3419
gucci_fall_2017_womens_005,pattern,floral_print,0.7259
gucci_fall_2017_womens_005,embellishment,embroidery,0.3133
gucci_fall_2017_womens_006,silhouette,layered_eclectic,0.4013
gucci_fall_2017_womens_006,neckline_collar,peter_pan_collar,0.3405
gucci_fall_2017_womens_006,fabric_texture,brocade_jacquard,0.3404
gucci_fall_2017_womens_006,pattern,floral_print,0.6211
gucci_fall_2017_womens_006,embellishment,applique_patches,0.4316
gucci_fall_2017_womens_007,silhouette,maxi_length,0.4288
gucci_fall_2017_womens_007,neckline_collar,plunging_neckline,0.3858
gucci_fall_2017_womens_007,fabric_texture,brocade_jacquard,0.3222
gucci_fall_2017_womens_007,pattern,floral_print,0.6552
gucci_fall_2017_womens_007,embellishment,embroidery,0.3362
gucci_fall_2017_womens_008,silhouette,seventies_flared,0.2085
gucci_fall_2017_womens_008,neckline_collar,peter_pan_collar,0.4598
gucci_fall_2017_womens_008,fabric_texture,brocade_jacquard,0.2734
gucci_fall_2017_womens_008,pattern,striped,0.4298
gucci_fall_2017_womens_008,embellishment,statement_bow,0.4851
gucci_fall_2017_womens_009,silhouette,layered_eclectic,0.4965
gucci_fall_2017_womens_009,neckline_collar,peter_pan_collar,0.4763
gucci_fall_2017_womens_009,fabric_texture,brocade_jacquard,0.2944
gucci_fall_2017_womens_009,pattern,floral_print,0.6092
gucci_fall_2017_womens_009,embellishment,applique_patches,0.3241
gucci_fall_2017_womens_010,silhouette,romantic_bohemian,0.329
gucci_fall_2017_womens_010,neckline_collar,peter_pan_collar,0.3467
gucci_fall_2017_womens_010,fabric_texture,brocade_jacquard,0.263
gucci_fall_2017_womens_010,pattern,floral_print,0.805
gucci_fall_2017_womens_010,embellishment,applique_patches,0.3004
gucci_fall_2017_womens_011,silhouette,maxi_length,0.3497
gucci_fall_2017_womens_011,neckline_collar,peter_pan_collar,0.3975
gucci_fall_2017_womens_011,fabric_texture,faux_fur_trim,0.4768
gucci_fall_2017_womens_011,pattern,striped,0.2289
gucci_fall_2017_womens_011,embellishment,statement_bow,0.2967
gucci_fall_2017_womens_012,silhouette,layered_eclectic,0.43
gucci_fall_2017_womens_012,neckline_collar,peter_pan_collar,0.3629
gucci_fall_2017_womens_012,fabric_texture,sequined_metallic,0.2436
gucci_fall_2017_womens_012,pattern,psychedelic_geometric,0.6359
gucci_fall_2017_womens_012,embellishment,oversized_eyewear,0.8551
gucci_fall_2017_womens_013,silhouette,romantic_bohemian,0.2517
gucci_fall_2017_womens_013,neckline_collar,crew_neckline,0.2287
gucci_fall_2017_womens_013,fabric_texture,lace,0.2945
gucci_fall_2017_womens_013,pattern,floral_print,0.3176
gucci_fall_2017_womens_013,embellishment,oversized_eyewear,0.4447
gucci_fall_2017_womens_014,silhouette,maxi_length,0.3529
gucci_fall_2017_womens_014,neckline_collar,plunging_neckline,0.3287
gucci_fall_2017_womens_014,fabric_texture,brocade_jacquard,0.424
gucci_fall_2017_womens_014,pattern,floral_print,0.4853
gucci_fall_2017_womens_014,embellishment,embroidery,0.6464
gucci_spring_2018_mens_001,silhouette,mini_length,0.5948
gucci_spring_2018_mens_001,neckline_collar,classic_shirt_collar,0.4313
gucci_spring_2018_mens_001,fabric_texture,cotton_jersey,0.4054
gucci_spring_2018_mens_001,pattern,floral_print,0.2149
gucci_spring_2018_mens_001,embellishment,oversized_eyewear,0.7368
gucci_spring_2018_mens_002,silhouette,structured_tailored,0.3207
gucci_spring_2018_mens_002,neckline_collar,classic_shirt_collar,0.2708
gucci_spring_2018_mens_002,fabric_texture,faux_fur_trim,0.5831
gucci_spring_2018_mens_002,pattern,solid_no_pattern,0.3674
gucci_spring_2018_mens_002,embellishment,oversized_eyewear,0.8811
gucci_spring_2018_mens_003,silhouette,structured_tailored,0.9232
gucci_spring_2018_mens_003,neckline_collar,classic_shirt_collar,0.6731
gucci_spring_2018_mens_003,fabric_texture,leather,0.2717
gucci_spring_2018_mens_003,pattern,polka_dot,0.2735
gucci_spring_2018_mens_003,embellishment,oversized_eyewear,0.9687
gucci_spring_2018_mens_004,silhouette,casual_relaxed,0.4072
gucci_spring_2018_mens_004,neckline_collar,classic_shirt_collar,0.419
gucci_spring_2018_mens_004,fabric_texture,cotton_jersey,0.2489
gucci_spring_2018_mens_004,pattern,graphic_print,0.4038
gucci_spring_2018_mens_004,embellishment,embroidery,0.4766
gucci_spring_2018_mens_005,silhouette,structured_tailored,0.2389
gucci_spring_2018_mens_005,neckline_collar,pussy_bow,0.3245
gucci_spring_2018_mens_005,fabric_texture,brocade_jacquard,0.2051
gucci_spring_2018_mens_005,pattern,psychedelic_geometric,0.3561
gucci_spring_2018_mens_005,embellishment,oversized_eyewear,0.8268
gucci_spring_2018_mens_006,silhouette,structured_tailored,0.6961
gucci_spring_2018_mens_006,neckline_collar,turtleneck,0.3341
gucci_spring_2018_mens_006,fabric_texture,velvet,0.3242
gucci_spring_2018_mens_006,pattern,solid_no_pattern,0.4695
gucci_spring_2018_mens_006,embellishment,oversized_eyewear,0.6158
gucci_spring_2018_mens_007,silhouette,structured_tailored,0.3087
gucci_spring_2018_mens_007,neckline_collar,classic_shirt_collar,0.5054
gucci_spring_2018_mens_007,fabric_texture,leather,0.3252
gucci_spring_2018_mens_007,pattern,solid_no_pattern,0.2771
gucci_spring_2018_mens_007,embellishment,oversized_eyewear,0.7575
gucci_spring_2018_mens_008,silhouette,romantic_bohemian,0.4084
gucci_spring_2018_mens_008,neckline_collar,crew_neckline,0.4326
gucci_spring_2018_mens_008,fabric_texture,cotton_jersey,0.3215
gucci_spring_2018_mens_008,pattern,solid_no_pattern,0.5146
gucci_spring_2018_mens_008,embellishment,statement_bow,0.3616
gucci_spring_2018_mens_009,silhouette,structured_tailored,0.6192
gucci_spring_2018_mens_009,neckline_collar,pussy_bow,0.405
gucci_spring_2018_mens_009,fabric_texture,velvet,0.2974
gucci_spring_2018_mens_009,pattern,solid_no_pattern,0.3967
gucci_spring_2018_mens_009,embellishment,oversized_eyewear,0.5358
gucci_spring_2018_mens_010,silhouette,structured_tailored,0.7235
gucci_spring_2018_mens_010,neckline_collar,classic_shirt_collar,0.3567
gucci_spring_2018_mens_010,fabric_texture,leather,0.2881
gucci_spring_2018_mens_010,pattern,polka_dot,0.3478
gucci_spring_2018_mens_010,embellishment,oversized_eyewear,0.8292
gucci_spring_2018_mens_011,silhouette,mini_length,0.393
gucci_spring_2018_mens_011,neckline_collar,classic_shirt_collar,0.5994
gucci_spring_2018_mens_011,fabric_texture,brocade_jacquard,0.2167
gucci_spring_2018_mens_011,pattern,floral_print,0.3288
gucci_spring_2018_mens_011,embellishment,applique_patches,0.3055
gucci_spring_2018_mens_012,silhouette,structured_tailored,0.9527
gucci_spring_2018_mens_012,neckline_collar,classic_shirt_collar,0.787
gucci_spring_2018_mens_012,fabric_texture,leather,0.2948
gucci_spring_2018_mens_012,pattern,solid_no_pattern,0.3543
gucci_spring_2018_mens_012,embellishment,oversized_eyewear,0.8325
gucci_spring_2018_mens_013,silhouette,romantic_bohemian,0.232
gucci_spring_2018_mens_013,neckline_collar,pussy_bow,0.2395
gucci_spring_2018_mens_013,fabric_texture,brocade_jacquard,0.3497
gucci_spring_2018_mens_013,pattern,floral_print,0.4025
gucci_spring_2018_mens_013,embellishment,embroidery,0.4131
gucci_spring_2018_mens_014,silhouette,maxi_length,0.3411
gucci_spring_2018_mens_014,neckline_collar,plunging_neckline,0.2542
gucci_spring_2018_mens_014,fabric_texture,faux_fur_trim,0.2916
gucci_spring_2018_mens_014,pattern,solid_no_pattern,0.2913
gucci_spring_2018_mens_014,embellishment,statement_bow,0.3003
gucci_spring_2018_mens_015,silhouette,casual_relaxed,0.2941
gucci_spring_2018_mens_015,neckline_collar,classic_shirt_collar,0.471
gucci_spring_2018_mens_015,fabric_texture,cotton_jersey,0.2615
gucci_spring_2018_mens_015,pattern,graphic_print,0.2728
gucci_spring_2018_mens_015,embellishment,applique_patches,0.3414
gucci_spring_2018_mens_016,silhouette,seventies_flared,0.2309
gucci_spring_2018_mens_016,neckline_collar,pussy_bow,0.4163
gucci_spring_2018_mens_016,fabric_texture,cotton_jersey,0.2176
gucci_spring_2018_mens_016,pattern,striped,0.2303
gucci_spring_2018_mens_016,embellishment,oversized_eyewear,0.616
gucci_spring_2018_womens_001,silhouette,casual_relaxed,0.2507
gucci_spring_2018_womens_001,neckline_collar,peter_pan_collar,0.2473
gucci_spring_2018_womens_001,fabric_texture,leather,0.3633
gucci_spring_2018_womens_001,pattern,logo_monogram,0.6052
gucci_spring_2018_womens_001,embellishment,applique_patches,0.5405
gucci_spring_2018_womens_002,silhouette,romantic_bohemian,0.3421
gucci_spring_2018_womens_002,neckline_collar,ruffled_high_collar,0.2329
gucci_spring_2018_womens_002,fabric_texture,faux_fur_trim,0.3216
gucci_spring_2018_womens_002,pattern,animal_print,0.2394
gucci_spring_2018_womens_002,embellishment,oversized_eyewear,0.6402
gucci_spring_2018_womens_003,silhouette,mini_length,0.4541
gucci_spring_2018_womens_003,neckline_collar,peter_pan_collar,0.459
gucci_spring_2018_womens_003,fabric_texture,sequined_metallic,0.1961
gucci_spring_2018_womens_003,pattern,psychedelic_geometric,0.4441
gucci_spring_2018_womens_003,embellishment,applique_patches,0.3372
gucci_spring_2018_womens_004,silhouette,romantic_bohemian,0.3067
gucci_spring_2018_womens_004,neckline_collar,peter_pan_collar,0.2267
gucci_spring_2018_womens_004,fabric_texture,faux_fur_trim,0.5564
gucci_spring_2018_womens_004,pattern,solid_no_pattern,0.2813
gucci_spring_2018_womens_004,embellishment,statement_bow,0.2602
gucci_spring_2018_womens_005,silhouette,layered_eclectic,0.2356
gucci_spring_2018_womens_005,neckline_collar,pussy_bow,0.3409
gucci_spring_2018_womens_005,fabric_texture,sequined_metallic,0.2747
gucci_spring_2018_womens_005,pattern,animal_print,0.3046
gucci_spring_2018_womens_005,embellishment,applique_patches,0.2072
gucci_spring_2018_womens_006,silhouette,mini_length,0.4932
gucci_spring_2018_womens_006,neckline_collar,peter_pan_collar,0.6021
gucci_spring_2018_womens_006,fabric_texture,lace,0.6364
gucci_spring_2018_womens_006,pattern,polka_dot,0.2929
gucci_spring_2018_womens_006,embellishment,embroidery,0.5562
gucci_spring_2018_womens_007,silhouette,mini_length,0.4529
gucci_spring_2018_womens_007,neckline_collar,peter_pan_collar,0.2825
gucci_spring_2018_womens_007,fabric_texture,lace,0.4722
gucci_spring_2018_womens_007,pattern,solid_no_pattern,0.2837
gucci_spring_2018_womens_007,embellishment,pearls,0.4044
gucci_spring_2018_womens_008,silhouette,romantic_bohemian,0.4815
gucci_spring_2018_womens_008,neckline_collar,plunging_neckline,0.3793
gucci_spring_2018_womens_008,fabric_texture,faux_fur_trim,0.8904
gucci_spring_2018_womens_008,pattern,animal_print,0.4893
gucci_spring_2018_womens_008,embellishment,pearls,0.2255
gucci_spring_2018_womens_009,silhouette,layered_eclectic,0.4804
gucci_spring_2018_womens_009,neckline_collar,peter_pan_collar,0.3224
gucci_spring_2018_womens_009,fabric_texture,sequined_metallic,0.2633
gucci_spring_2018_womens_009,pattern,floral_print,0.4973
gucci_spring_2018_womens_009,embellishment,embroidery,0.3683
gucci_spring_2018_womens_010,silhouette,romantic_bohemian,0.43
gucci_spring_2018_womens_010,neckline_collar,pussy_bow,0.2729
gucci_spring_2018_womens_010,fabric_texture,silk,0.2949
gucci_spring_2018_womens_010,pattern,floral_print,0.5193
gucci_spring_2018_womens_010,embellishment,embroidery,0.3456
gucci_spring_2018_womens_011,silhouette,structured_tailored,0.6011
gucci_spring_2018_womens_011,neckline_collar,ruffled_high_collar,0.357
gucci_spring_2018_womens_011,fabric_texture,leather,0.3198
gucci_spring_2018_womens_011,pattern,solid_no_pattern,0.2656
gucci_spring_2018_womens_011,embellishment,statement_bow,0.3404
gucci_spring_2018_womens_012,silhouette,romantic_bohemian,0.4671
gucci_spring_2018_womens_012,neckline_collar,plunging_neckline,0.8402
gucci_spring_2018_womens_012,fabric_texture,lace,0.6615
gucci_spring_2018_womens_012,pattern,graphic_print,0.2222
gucci_spring_2018_womens_012,embellishment,embroidery,0.2966
gucci_spring_2018_womens_013,silhouette,romantic_bohemian,0.7753
gucci_spring_2018_womens_013,neckline_collar,plunging_neckline,0.4794
gucci_spring_2018_womens_013,fabric_texture,lace,0.9046
gucci_spring_2018_womens_013,pattern,floral_print,0.526
gucci_spring_2018_womens_013,embellishment,pearls,0.3501
gucci_spring_2018_womens_014,silhouette,maxi_length,0.3076
gucci_spring_2018_womens_014,neckline_collar,pussy_bow,0.4998
gucci_spring_2018_womens_014,fabric_texture,sequined_metallic,0.3216
gucci_spring_2018_womens_014,pattern,animal_print,0.2744
gucci_spring_2018_womens_014,embellishment,layered_jewelry,0.3883
gucci_spring_2018_womens_015,silhouette,maxi_length,0.416
gucci_spring_2018_womens_015,neckline_collar,plunging_neckline,0.4575
gucci_spring_2018_womens_015,fabric_texture,velvet,0.2726
gucci_spring_2018_womens_015,pattern,solid_no_pattern,0.4835
gucci_spring_2018_womens_015,embellishment,pearls,0.4328
gucci_fall_2018_mens_001,silhouette,mini_length,0.711
gucci_fall_2018_mens_001,neckline_collar,peter_pan_collar,0.6568
gucci_fall_2018_mens_001,fabric_texture,cotton_jersey,0.3169
gucci_fall_2018_mens_001,pattern,striped,0.5853
gucci_fall_2018_mens_001,embellishment,applique_patches,0.3805
gucci_fall_2018_mens_002,silhouette,structured_tailored,0.6947
gucci_fall_2018_mens_002,neckline_collar,classic_shirt_collar,0.768
gucci_fall_2018_mens_002,fabric_texture,cotton_jersey,0.3651
gucci_fall_2018_mens_002,pattern,striped,0.6533
gucci_fall_2018_mens_002,embellishment,oversized_eyewear,0.2273
gucci_fall_2018_mens_003,silhouette,structured_tailored,0.5187
gucci_fall_2018_mens_003,neckline_collar,classic_shirt_collar,0.6805
gucci_fall_2018_mens_003,fabric_texture,brocade_jacquard,0.3534
gucci_fall_2018_mens_003,pattern,psychedelic_geometric,0.4073
gucci_fall_2018_mens_003,embellishment,applique_patches,0.3528
gucci_fall_2018_mens_004,silhouette,structured_tailored,0.3909
gucci_fall_2018_mens_004,neckline_collar,crew_neckline,0.4652
gucci_fall_2018_mens_004,fabric_texture,silk,0.3719
gucci_fall_2018_mens_004,pattern,solid_no_pattern,0.763
gucci_fall_2018_mens_004,embellishment,pearls,0.2897
gucci_fall_2018_mens_005,silhouette,seventies_flared,0.211
gucci_fall_2018_mens_005,neckline_collar,classic_shirt_collar,0.2904
gucci_fall_2018_mens_005,fabric_texture,cotton_jersey,0.5722
gucci_fall_2018_mens_005,pattern,striped,0.3907
gucci_fall_2018_mens_005,embellishment,statement_bow,0.3931
gucci_fall_2018_mens_006,silhouette,casual_relaxed,0.2755
gucci_fall_2018_mens_006,neckline_collar,classic_shirt_collar,0.6733
gucci_fall_2018_mens_006,fabric_texture,cotton_jersey,0.5948
gucci_fall_2018_mens_006,pattern,floral_print,0.4718
gucci_fall_2018_mens_006,embellishment,embroidery,0.2569
gucci_fall_2018_mens_007,silhouette,layered_eclectic,0.3061
gucci_fall_2018_mens_007,neckline_collar,peter_pan_collar,0.3749
gucci_fall_2018_mens_007,fabric_texture,faux_fur_trim,0.4863
gucci_fall_2018_mens_007,pattern,psychedelic_geometric,0.2118
gucci_fall_2018_mens_007,embellishment,layered_jewelry,0.4414
gucci_fall_2018_mens_008,silhouette,seventies_flared,0.2468
gucci_fall_2018_mens_008,neckline_collar,pussy_bow,0.2644
gucci_fall_2018_mens_008,fabric_texture,cotton_jersey,0.3311
gucci_fall_2018_mens_008,pattern,psychedelic_geometric,0.2262
gucci_fall_2018_mens_008,embellishment,applique_patches,0.2918
gucci_fall_2018_mens_009,silhouette,maxi_length,0.3891
gucci_fall_2018_mens_009,neckline_collar,turtleneck,0.3387
gucci_fall_2018_mens_009,fabric_texture,faux_fur_trim,0.8288
gucci_fall_2018_mens_009,pattern,animal_print,0.4065
gucci_fall_2018_mens_009,embellishment,layered_jewelry,0.3836
gucci_fall_2018_mens_010,silhouette,maxi_length,0.396
gucci_fall_2018_mens_010,neckline_collar,peter_pan_collar,0.426
gucci_fall_2018_mens_010,fabric_texture,faux_fur_trim,0.4922
gucci_fall_2018_mens_010,pattern,polka_dot,0.4718
gucci_fall_2018_mens_010,embellishment,oversized_eyewear,0.3235
gucci_fall_2018_mens_011,silhouette,oversized_boxy,0.492
gucci_fall_2018_mens_011,neckline_collar,peter_pan_collar,0.5557
gucci_fall_2018_mens_011,fabric_texture,faux_fur_trim,0.6908
gucci_fall_2018_mens_011,pattern,polka_dot,0.2336
gucci_fall_2018_mens_011,embellishment,statement_bow,0.5338
gucci_fall_2018_mens_012,silhouette,maxi_length,0.2194
gucci_fall_2018_mens_012,neckline_collar,peter_pan_collar,0.4874
gucci_fall_2018_mens_012,fabric_texture,cotton_jersey,0.3346
gucci_fall_2018_mens_012,pattern,floral_print,0.2923
gucci_fall_2018_mens_012,embellishment,oversized_eyewear,0.3393
gucci_fall_2018_mens_013,silhouette,maxi_length,0.3145
gucci_fall_2018_mens_013,neckline_collar,peter_pan_collar,0.2875
gucci_fall_2018_mens_013,fabric_texture,faux_fur_trim,0.631
gucci_fall_2018_mens_013,pattern,striped,0.3819
gucci_fall_2018_mens_013,embellishment,statement_bow,0.357
gucci_fall_2018_mens_014,silhouette,mini_length,0.7235
gucci_fall_2018_mens_014,neckline_collar,peter_pan_collar,0.5774
gucci_fall_2018_mens_014,fabric_texture,cotton_jersey,0.3581
gucci_fall_2018_mens_014,pattern,solid_no_pattern,0.2345
gucci_fall_2018_mens_014,embellishment,applique_patches,0.2714
gucci_fall_2018_mens_015,silhouette,oversized_boxy,0.2902
gucci_fall_2018_mens_015,neckline_collar,turtleneck,0.6423
gucci_fall_2018_mens_015,fabric_texture,faux_fur_trim,0.3043
gucci_fall_2018_mens_015,pattern,solid_no_pattern,0.2506
gucci_fall_2018_mens_015,embellishment,oversized_eyewear,0.4756
gucci_fall_2018_womens_001,silhouette,mini_length,0.3077
gucci_fall_2018_womens_001,neckline_collar,peter_pan_collar,0.6883
gucci_fall_2018_womens_001,fabric_texture,faux_fur_trim,0.4014
gucci_fall_2018_womens_001,pattern,floral_print,0.3797
gucci_fall_2018_womens_001,embellishment,embroidery,0.3579
gucci_fall_2018_womens_002,silhouette,structured_tailored,0.3609
gucci_fall_2018_womens_002,neckline_collar,peter_pan_collar,0.3874
gucci_fall_2018_womens_002,fabric_texture,leather,0.2833
gucci_fall_2018_womens_002,pattern,polka_dot,0.2737
gucci_fall_2018_womens_002,embellishment,statement_bow,0.367
gucci_fall_2018_womens_003,silhouette,maxi_length,0.4276
gucci_fall_2018_womens_003,neckline_collar,crew_neckline,0.2257
gucci_fall_2018_womens_003,fabric_texture,lace,0.2917
gucci_fall_2018_womens_003,pattern,floral_print,0.3002
gucci_fall_2018_womens_003,embellishment,embroidery,0.4501
gucci_fall_2018_womens_004,silhouette,maxi_length,0.4345
gucci_fall_2018_womens_004,neckline_collar,plunging_neckline,0.7256
gucci_fall_2018_womens_004,fabric_texture,sequined_metallic,0.3596
gucci_fall_2018_womens_004,pattern,animal_print,0.4349
gucci_fall_2018_womens_004,embellishment,layered_jewelry,0.3187
gucci_fall_2018_womens_005,silhouette,maxi_length,0.4299
gucci_fall_2018_womens_005,neckline_collar,ruffled_high_collar,0.4165
gucci_fall_2018_womens_005,fabric_texture,faux_fur_trim,0.3972
gucci_fall_2018_womens_005,pattern,psychedelic_geometric,0.2223
gucci_fall_2018_womens_005,embellishment,oversized_eyewear,0.3463
gucci_fall_2018_womens_006,silhouette,maxi_length,0.5342
gucci_fall_2018_womens_006,neckline_collar,ruffled_high_collar,0.3135
gucci_fall_2018_womens_006,fabric_texture,brocade_jacquard,0.3538
gucci_fall_2018_womens_006,pattern,floral_print,0.6405
gucci_fall_2018_womens_006,embellishment,layered_jewelry,0.8943
gucci_fall_2018_womens_007,silhouette,romantic_bohemian,0.4466
gucci_fall_2018_womens_007,neckline_collar,peter_pan_collar,0.5777
gucci_fall_2018_womens_007,fabric_texture,lace,0.7326
gucci_fall_2018_womens_007,pattern,floral_print,0.5915
gucci_fall_2018_womens_007,embellishment,crystal_rhinestone,0.3761
gucci_fall_2018_womens_008,silhouette,mini_length,0.3376
gucci_fall_2018_womens_008,neckline_collar,peter_pan_collar,0.839
gucci_fall_2018_womens_008,fabric_texture,faux_fur_trim,0.5721
gucci_fall_2018_womens_008,pattern,polka_dot,0.7027
gucci_fall_2018_womens_008,embellishment,statement_bow,0.3679
gucci_fall_2018_womens_009,silhouette,layered_eclectic,0.4097
gucci_fall_2018_womens_009,neckline_collar,peter_pan_collar,0.3246
gucci_fall_2018_womens_009,fabric_texture,brocade_jacquard,0.2556
gucci_fall_2018_womens_009,pattern,floral_print,0.2975
gucci_fall_2018_womens_009,embellishment,layered_jewelry,0.6551
gucci_fall_2018_womens_010,silhouette,romantic_bohemian,0.3353
gucci_fall_2018_womens_010,neckline_collar,peter_pan_collar,0.298
gucci_fall_2018_womens_010,fabric_texture,faux_fur_trim,0.628
gucci_fall_2018_womens_010,pattern,floral_print,0.3884
gucci_fall_2018_womens_010,embellishment,layered_jewelry,0.3159
gucci_fall_2018_womens_011,silhouette,maxi_length,0.4884
gucci_fall_2018_womens_011,neckline_collar,pussy_bow,0.4024
gucci_fall_2018_womens_011,fabric_texture,faux_fur_trim,0.4854
gucci_fall_2018_womens_011,pattern,animal_print,0.5174
gucci_fall_2018_womens_011,embellishment,embroidery,0.3186
gucci_fall_2018_womens_012,silhouette,romantic_bohemian,0.3257
gucci_fall_2018_womens_012,neckline_collar,ruffled_high_collar,0.323
gucci_fall_2018_womens_012,fabric_texture,faux_fur_trim,0.5149
gucci_fall_2018_womens_012,pattern,floral_print,0.8769
gucci_fall_2018_womens_012,embellishment,embroidery,0.4891
gucci_fall_2018_womens_013,silhouette,layered_eclectic,0.3156
gucci_fall_2018_womens_013,neckline_collar,peter_pan_collar,0.2866
gucci_fall_2018_womens_013,fabric_texture,brocade_jacquard,0.2877
gucci_fall_2018_womens_013,pattern,floral_print,0.4834
gucci_fall_2018_womens_013,embellishment,applique_patches,0.3337
gucci_fall_2018_womens_014,silhouette,oversized_boxy,0.2404
gucci_fall_2018_womens_014,neckline_collar,peter_pan_collar,0.2771
gucci_fall_2018_womens_014,fabric_texture,faux_fur_trim,0.5066
gucci_fall_2018_womens_014,pattern,striped,0.2235
gucci_fall_2018_womens_014,embellishment,oversized_eyewear,0.7503
gucci_fall_2018_womens_015,silhouette,casual_relaxed,0.2462
gucci_fall_2018_womens_015,neckline_collar,crew_neckline,0.3707
gucci_fall_2018_womens_015,fabric_texture,velvet,0.2076
gucci_fall_2018_womens_015,pattern,floral_print,0.6275
gucci_fall_2018_womens_015,embellishment,embroidery,0.3249
gucci_spring_2019_mens_001,silhouette,oversized_boxy,0.2544
gucci_spring_2019_mens_001,neckline_collar,classic_shirt_collar,0.5215
gucci_spring_2019_mens_001,fabric_texture,leather,0.5656
gucci_spring_2019_mens_001,pattern,solid_no_pattern,0.3219
gucci_spring_2019_mens_001,embellishment,applique_patches,0.2069
gucci_spring_2019_mens_002,silhouette,casual_relaxed,0.3979
gucci_spring_2019_mens_002,neckline_collar,turtleneck,0.3663
gucci_spring_2019_mens_002,fabric_texture,cotton_jersey,0.5848
gucci_spring_2019_mens_002,pattern,solid_no_pattern,0.7241
gucci_spring_2019_mens_002,embellishment,pearls,0.2444
gucci_spring_2019_mens_003,silhouette,structured_tailored,0.5047
gucci_spring_2019_mens_003,neckline_collar,ruffled_high_collar,0.364
gucci_spring_2019_mens_003,fabric_texture,lace,0.3484
gucci_spring_2019_mens_003,pattern,solid_no_pattern,0.3764
gucci_spring_2019_mens_003,embellishment,pearls,0.2788
gucci_spring_2019_mens_004,silhouette,layered_eclectic,0.3942
gucci_spring_2019_mens_004,neckline_collar,turtleneck,0.3866
gucci_spring_2019_mens_004,fabric_texture,cotton_jersey,0.372
gucci_spring_2019_mens_004,pattern,psychedelic_geometric,0.3594
gucci_spring_2019_mens_004,embellishment,applique_patches,0.7253
gucci_spring_2019_mens_005,silhouette,oversized_boxy,0.2795
gucci_spring_2019_mens_005,neckline_collar,classic_shirt_collar,0.4943
gucci_spring_2019_mens_005,fabric_texture,velvet,0.2129
gucci_spring_2019_mens_005,pattern,solid_no_pattern,0.4066
gucci_spring_2019_mens_005,embellishment,embroidery,0.3201
gucci_spring_2019_mens_006,silhouette,layered_eclectic,0.3877
gucci_spring_2019_mens_006,neckline_collar,crew_neckline,0.2421
gucci_spring_2019_mens_006,fabric_texture,faux_fur_trim,0.4155
gucci_spring_2019_mens_006,pattern,animal_print,0.5644
gucci_spring_2019_mens_006,embellishment,layered_jewelry,0.3388
gucci_spring_2019_mens_007,silhouette,structured_tailored,0.6275
gucci_spring_2019_mens_007,neckline_collar,classic_shirt_collar,0.7402
gucci_spring_2019_mens_007,fabric_texture,cotton_jersey,0.2669
gucci_spring_2019_mens_007,pattern,solid_no_pattern,0.3608
gucci_spring_2019_mens_007,embellishment,pearls,0.2754
gucci_spring_2019_mens_008,silhouette,layered_eclectic,0.3767
gucci_spring_2019_mens_008,neckline_collar,turtleneck,0.3585
gucci_spring_2019_mens_008,fabric_texture,cotton_jersey,0.5878
gucci_spring_2019_mens_008,pattern,striped,0.9842
gucci_spring_2019_mens_008,embellishment,oversized_eyewear,0.2826
gucci_spring_2019_mens_009,silhouette,structured_tailored,0.3712
gucci_spring_2019_mens_009,neckline_collar,classic_shirt_collar,0.3638
gucci_spring_2019_mens_009,fabric_texture,cotton_jersey,0.255
gucci_spring_2019_mens_009,pattern,solid_no_pattern,0.4379
gucci_spring_2019_mens_009,embellishment,embroidery,0.3014
gucci_spring_2019_mens_010,silhouette,maxi_length,0.3339
gucci_spring_2019_mens_010,neckline_collar,classic_shirt_collar,0.2516
gucci_spring_2019_mens_010,fabric_texture,leather,0.6701
gucci_spring_2019_mens_010,pattern,solid_no_pattern,0.3181
gucci_spring_2019_mens_010,embellishment,oversized_eyewear,0.5022
gucci_spring_2019_mens_011,silhouette,mini_length,0.5773
gucci_spring_2019_mens_011,neckline_collar,classic_shirt_collar,0.2424
gucci_spring_2019_mens_011,fabric_texture,lace,0.3484
gucci_spring_2019_mens_011,pattern,solid_no_pattern,0.3922
gucci_spring_2019_mens_011,embellishment,embroidery,0.3437
gucci_spring_2019_mens_012,silhouette,layered_eclectic,0.4966
gucci_spring_2019_mens_012,neckline_collar,pussy_bow,0.367
gucci_spring_2019_mens_012,fabric_texture,sequined_metallic,0.4075
gucci_spring_2019_mens_012,pattern,floral_print,0.4112
gucci_spring_2019_mens_012,embellishment,applique_patches,0.509
gucci_spring_2019_mens_013,silhouette,mini_length,0.6581
gucci_spring_2019_mens_013,neckline_collar,peter_pan_collar,0.7274
gucci_spring_2019_mens_013,fabric_texture,faux_fur_trim,0.4073
gucci_spring_2019_mens_013,pattern,striped,0.9218
gucci_spring_2019_mens_013,embellishment,statement_bow,0.2924
gucci_spring_2019_mens_014,silhouette,structured_tailored,0.8544
gucci_spring_2019_mens_014,neckline_collar,classic_shirt_collar,0.6998
gucci_spring_2019_mens_014,fabric_texture,faux_fur_trim,0.2313
gucci_spring_2019_mens_014,pattern,striped,0.214
gucci_spring_2019_mens_014,embellishment,oversized_eyewear,0.7632
gucci_spring_2019_mens_015,silhouette,layered_eclectic,0.2514
gucci_spring_2019_mens_015,neckline_collar,classic_shirt_collar,0.3334
gucci_spring_2019_mens_015,fabric_texture,velvet,0.3936
gucci_spring_2019_mens_015,pattern,psychedelic_geometric,0.2321
gucci_spring_2019_mens_015,embellishment,embroidery,0.2698
gucci_spring_2019_mens_016,silhouette,structured_tailored,0.3594
gucci_spring_2019_mens_016,neckline_collar,pussy_bow,0.3424
gucci_spring_2019_mens_016,fabric_texture,leather,0.3068
gucci_spring_2019_mens_016,pattern,polka_dot,0.213
gucci_spring_2019_mens_016,embellishment,oversized_eyewear,0.3107
gucci_spring_2019_mens_017,silhouette,casual_relaxed,0.4278
gucci_spring_2019_mens_017,neckline_collar,crew_neckline,0.4746
gucci_spring_2019_mens_017,fabric_texture,cotton_jersey,0.3226
gucci_spring_2019_mens_017,pattern,striped,0.8813
gucci_spring_2019_mens_017,embellishment,oversized_eyewear,0.8914
gucci_spring_2019_womens_001,silhouette,romantic_bohemian,0.4931
gucci_spring_2019_womens_001,neckline_collar,ruffled_high_collar,0.5839
gucci_spring_2019_womens_001,fabric_texture,lace,0.3219
gucci_spring_2019_womens_001,pattern,floral_print,0.6769
gucci_spring_2019_womens_001,embellishment,embroidery,0.4493
gucci_spring_2019_womens_002,silhouette,romantic_bohemian,0.4356
gucci_spring_2019_womens_002,neckline_collar,plunging_neckline,0.2756
gucci_spring_2019_womens_002,fabric_texture,faux_fur_trim,0.313
gucci_spring_2019_womens_002,pattern,striped,0.3159
gucci_spring_2019_womens_002,embellishment,embroidery,0.3794
gucci_spring_2019_womens_003,silhouette,maxi_length,0.1909
gucci_spring_2019_womens_003,neckline_collar,plunging_neckline,0.4642
gucci_spring_2019_womens_003,fabric_texture,sequined_metallic,0.8636
gucci_spring_2019_womens_003,pattern,animal_print,0.2364
gucci_spring_2019_womens_003,embellishment,crystal_rhinestone,0.3536
gucci_spring_2019_womens_004,silhouette,layered_eclectic,0.255
gucci_spring_2019_womens_004,neckline_collar,peter_pan_collar,0.2891
gucci_spring_2019_womens_004,fabric_texture,lace,0.2755
gucci_spring_2019_womens_004,pattern,floral_print,0.2785
gucci_spring_2019_womens_004,embellishment,oversized_eyewear,0.58
gucci_spring_2019_womens_005,silhouette,romantic_bohemian,0.3365
gucci_spring_2019_womens_005,neckline_collar,plunging_neckline,0.3782
gucci_spring_2019_womens_005,fabric_texture,lace,0.4141
gucci_spring_2019_womens_005,pattern,solid_no_pattern,0.5787
gucci_spring_2019_womens_005,embellishment,layered_jewelry,0.2996
gucci_spring_2019_womens_006,silhouette,mini_length,0.2662
gucci_spring_2019_womens_006,neckline_collar,pussy_bow,0.3402
gucci_spring_2019_womens_006,fabric_texture,faux_fur_trim,0.4219
gucci_spring_2019_womens_006,pattern,floral_print,0.3593
gucci_spring_2019_womens_006,embellishment,pearls,0.1948
gucci_spring_2019_womens_007,silhouette,mini_length,0.5045
gucci_spring_2019_womens_007,neckline_collar,peter_pan_collar,0.3043
gucci_spring_2019_womens_007,fabric_texture,cotton_jersey,0.3283
gucci_spring_2019_womens_007,pattern,floral_print,0.2783
gucci_spring_2019_womens_007,embellishment,oversized_eyewear,0.9048
gucci_spring_2019_womens_008,silhouette,mini_length,0.6225
gucci_spring_2019_womens_008,neckline_collar,plunging_neckline,0.4415
gucci_spring_2019_womens_008,fabric_texture,lace,0.448
gucci_spring_2019_womens_008,pattern,animal_print,0.4988
gucci_spring_2019_womens_008,embellishment,oversized_eyewear,0.6041
gucci_spring_2019_womens_009,silhouette,layered_eclectic,0.2752
gucci_spring_2019_womens_009,neckline_collar,pussy_bow,0.2643
gucci_spring_2019_womens_009,fabric_texture,brocade_jacquard,0.2775
gucci_spring_2019_womens_009,pattern,psychedelic_geometric,0.5416
gucci_spring_2019_womens_009,embellishment,statement_bow,0.3157
gucci_spring_2019_womens_010,silhouette,structured_tailored,0.7297
gucci_spring_2019_womens_010,neckline_collar,classic_shirt_collar,0.3034
gucci_spring_2019_womens_010,fabric_texture,leather,0.297
gucci_spring_2019_womens_010,pattern,striped,0.4133
gucci_spring_2019_womens_010,embellishment,oversized_eyewear,0.8079
gucci_spring_2019_womens_011,silhouette,layered_eclectic,0.3951
gucci_spring_2019_womens_011,neckline_collar,peter_pan_collar,0.2939
gucci_spring_2019_womens_011,fabric_texture,leather,0.2996
gucci_spring_2019_womens_011,pattern,graphic_print,0.2455
gucci_spring_2019_womens_011,embellishment,oversized_eyewear,0.2217
gucci_spring_2019_womens_012,silhouette,layered_eclectic,0.2142
gucci_spring_2019_womens_012,neckline_collar,pussy_bow,0.3688
gucci_spring_2019_womens_012,fabric_texture,cotton_jersey,0.3433
gucci_spring_2019_womens_012,pattern,graphic_print,0.4956
gucci_spring_2019_womens_012,embellishment,applique_patches,0.4914
gucci_spring_2019_womens_013,silhouette,maxi_length,0.3508
gucci_spring_2019_womens_013,neckline_collar,peter_pan_collar,0.2275
gucci_spring_2019_womens_013,fabric_texture,faux_fur_trim,0.4865
gucci_spring_2019_womens_013,pattern,floral_print,0.6731
gucci_spring_2019_womens_013,embellishment,oversized_eyewear,0.3957
gucci_spring_2019_womens_014,silhouette,layered_eclectic,0.5543
gucci_spring_2019_womens_014,neckline_collar,ruffled_high_collar,0.3175
gucci_spring_2019_womens_014,fabric_texture,leather,0.2644
gucci_spring_2019_womens_014,pattern,animal_print,0.3763
gucci_spring_2019_womens_014,embellishment,layered_jewelry,0.3475
gucci_spring_2019_womens_015,silhouette,layered_eclectic,0.367
gucci_spring_2019_womens_015,neckline_collar,peter_pan_collar,0.5308
gucci_spring_2019_womens_015,fabric_texture,cotton_jersey,0.373
gucci_spring_2019_womens_015,pattern,polka_dot,0.1949
gucci_spring_2019_womens_015,embellishment,layered_jewelry,0.4039
gucci_spring_2019_womens_016,silhouette,maxi_length,0.3131
gucci_spring_2019_womens_016,neckline_collar,plunging_neckline,0.2544
gucci_spring_2019_womens_016,fabric_texture,lace,0.2547
gucci_spring_2019_womens_016,pattern,striped,0.4048
gucci_spring_2019_womens_016,embellishment,layered_jewelry,0.4636
gucci_spring_2019_womens_017,silhouette,romantic_bohemian,0.3138
gucci_spring_2019_womens_017,neckline_collar,ruffled_high_collar,0.3408
gucci_spring_2019_womens_017,fabric_texture,faux_fur_trim,0.2686
gucci_spring_2019_womens_017,pattern,floral_print,0.4875
gucci_spring_2019_womens_017,embellishment,applique_patches,0.2717
gucci_fall_2019_mens_001,silhouette,layered_eclectic,0.3905
gucci_fall_2019_mens_001,neckline_collar,classic_shirt_collar,0.3903
gucci_fall_2019_mens_001,fabric_texture,brocade_jacquard,0.3177
gucci_fall_2019_mens_001,pattern,polka_dot,0.2022
gucci_fall_2019_mens_001,embellishment,oversized_eyewear,0.7607
gucci_fall_2019_mens_002,silhouette,casual_relaxed,0.5425
gucci_fall_2019_mens_002,neckline_collar,crew_neckline,0.3842
gucci_fall_2019_mens_002,fabric_texture,cotton_jersey,0.338
gucci_fall_2019_mens_002,pattern,solid_no_pattern,0.4355
gucci_fall_2019_mens_002,embellishment,applique_patches,0.336
gucci_fall_2019_mens_003,silhouette,structured_tailored,0.7437
gucci_fall_2019_mens_003,neckline_collar,classic_shirt_collar,0.5416
gucci_fall_2019_mens_003,fabric_texture,leather,0.4963
gucci_fall_2019_mens_003,pattern,striped,0.3259
gucci_fall_2019_mens_003,embellishment,applique_patches,0.2195
gucci_fall_2019_mens_004,silhouette,layered_eclectic,0.5123
gucci_fall_2019_mens_004,neckline_collar,peter_pan_collar,0.2667
gucci_fall_2019_mens_004,fabric_texture,brocade_jacquard,0.2358
gucci_fall_2019_mens_004,pattern,floral_print,0.2856
gucci_fall_2019_mens_004,embellishment,applique_patches,0.4011
gucci_fall_2019_mens_005,silhouette,structured_tailored,0.667
gucci_fall_2019_mens_005,neckline_collar,peter_pan_collar,0.3643
gucci_fall_2019_mens_005,fabric_texture,velvet,0.2336
gucci_fall_2019_mens_005,pattern,polka_dot,0.3529
gucci_fall_2019_mens_005,embellishment,oversized_eyewear,0.3038
gucci_fall_2019_mens_006,silhouette,layered_eclectic,0.3512
gucci_fall_2019_mens_006,neckline_collar,classic_shirt_collar,0.5292
gucci_fall_2019_mens_006,fabric_texture,silk,0.4211
gucci_fall_2019_mens_006,pattern,psychedelic_geometric,0.299
gucci_fall_2019_mens_006,embellishment,oversized_eyewear,0.7805
gucci_fall_2019_mens_007,silhouette,structured_tailored,0.8151
gucci_fall_2019_mens_007,neckline_collar,classic_shirt_collar,0.6029
gucci_fall_2019_mens_007,fabric_texture,sequined_metallic,0.2566
gucci_fall_2019_mens_007,pattern,animal_print,0.3097
gucci_fall_2019_mens_007,embellishment,oversized_eyewear,0.5676
gucci_fall_2019_mens_008,silhouette,layered_eclectic,0.6522
gucci_fall_2019_mens_008,neckline_collar,classic_shirt_collar,0.2565
gucci_fall_2019_mens_008,fabric_texture,sequined_metallic,0.5069
gucci_fall_2019_mens_008,pattern,psychedelic_geometric,0.3093
gucci_fall_2019_mens_008,embellishment,oversized_eyewear,0.794
gucci_fall_2019_mens_009,silhouette,layered_eclectic,0.243
gucci_fall_2019_mens_009,neckline_collar,classic_shirt_collar,0.545
gucci_fall_2019_mens_009,fabric_texture,faux_fur_trim,0.3565
gucci_fall_2019_mens_009,pattern,striped,0.3915
gucci_fall_2019_mens_009,embellishment,oversized_eyewear,0.2745
gucci_fall_2019_mens_010,silhouette,structured_tailored,0.8884
gucci_fall_2019_mens_010,neckline_collar,classic_shirt_collar,0.7932
gucci_fall_2019_mens_010,fabric_texture,leather,0.219
gucci_fall_2019_mens_010,pattern,striped,0.325
gucci_fall_2019_mens_010,embellishment,oversized_eyewear,0.9363
gucci_fall_2019_mens_011,silhouette,structured_tailored,0.7703
gucci_fall_2019_mens_011,neckline_collar,classic_shirt_collar,0.603
gucci_fall_2019_mens_011,fabric_texture,brocade_jacquard,0.3662
gucci_fall_2019_mens_011,pattern,striped,0.2955
gucci_fall_2019_mens_011,embellishment,applique_patches,0.2703
gucci_fall_2019_mens_012,silhouette,structured_tailored,0.4869
gucci_fall_2019_mens_012,neckline_collar,classic_shirt_collar,0.4148
gucci_fall_2019_mens_012,fabric_texture,velvet,0.2747
gucci_fall_2019_mens_012,pattern,solid_no_pattern,0.397
gucci_fall_2019_mens_012,embellishment,statement_bow,0.2296
gucci_fall_2019_mens_013,silhouette,structured_tailored,0.5094
gucci_fall_2019_mens_013,neckline_collar,classic_shirt_collar,0.4509
gucci_fall_2019_mens_013,fabric_texture,faux_fur_trim,0.3155
gucci_fall_2019_mens_013,pattern,polka_dot,0.3613
gucci_fall_2019_mens_013,embellishment,oversized_eyewear,0.9645
gucci_fall_2019_mens_014,silhouette,seventies_flared,0.1958
gucci_fall_2019_mens_014,neckline_collar,crew_neckline,0.316
gucci_fall_2019_mens_014,fabric_texture,brocade_jacquard,0.4211
gucci_fall_2019_mens_014,pattern,animal_print,0.5028
gucci_fall_2019_mens_014,embellishment,layered_jewelry,0.2629
gucci_fall_2019_mens_015,silhouette,layered_eclectic,0.2404
gucci_fall_2019_mens_015,neckline_collar,classic_shirt_collar,0.3577
gucci_fall_2019_mens_015,fabric_texture,cotton_jersey,0.2276
gucci_fall_2019_mens_015,pattern,solid_no_pattern,0.3728
gucci_fall_2019_mens_015,embellishment,oversized_eyewear,0.2568
gucci_fall_2019_mens_016,silhouette,layered_eclectic,0.3807
gucci_fall_2019_mens_016,neckline_collar,pussy_bow,0.2693
gucci_fall_2019_mens_016,fabric_texture,sequined_metallic,0.3576
gucci_fall_2019_mens_016,pattern,psychedelic_geometric,0.5967
gucci_fall_2019_mens_016,embellishment,applique_patches,0.45
gucci_fall_2019_womens_001,silhouette,layered_eclectic,0.2543
gucci_fall_2019_womens_001,neckline_collar,peter_pan_collar,0.2839
gucci_fall_2019_womens_001,fabric_texture,leather,0.2579
gucci_fall_2019_womens_001,pattern,animal_print,0.4499
gucci_fall_2019_womens_001,embellishment,oversized_eyewear,0.3474
gucci_fall_2019_womens_002,silhouette,seventies_flared,0.3329
gucci_fall_2019_womens_002,neckline_collar,peter_pan_collar,0.5544
gucci_fall_2019_womens_002,fabric_texture,brocade_jacquard,0.3031
gucci_fall_2019_womens_002,pattern,polka_dot,0.2875
gucci_fall_2019_womens_002,embellishment,oversized_eyewear,0.4249
gucci_fall_2019_womens_003,silhouette,layered_eclectic,0.4779
gucci_fall_2019_womens_003,neckline_collar,pussy_bow,0.3221
gucci_fall_2019_womens_003,fabric_texture,sequined_metallic,0.4843
gucci_fall_2019_womens_003,pattern,floral_print,0.3561
gucci_fall_2019_womens_003,embellishment,oversized_eyewear,0.2795
gucci_fall_2019_womens_004,silhouette,layered_eclectic,0.61
gucci_fall_2019_womens_004,neckline_collar,peter_pan_collar,0.7802
gucci_fall_2019_womens_004,fabric_texture,sequined_metallic,0.3267
gucci_fall_2019_womens_004,pattern,polka_dot,0.3037
gucci_fall_2019_womens_004,embellishment,applique_patches,0.5096
gucci_fall_2019_womens_005,silhouette,oversized_boxy,0.2833
gucci_fall_2019_womens_005,neckline_collar,peter_pan_collar,0.2601
gucci_fall_2019_womens_005,fabric_texture,leather,0.2844
gucci_fall_2019_womens_005,pattern,striped,0.4106
gucci_fall_2019_womens_005,embellishment,oversized_eyewear,0.7204
gucci_fall_2019_womens_006,silhouette,oversized_boxy,0.2528
gucci_fall_2019_womens_006,neckline_collar,turtleneck,0.5183
gucci_fall_2019_womens_006,fabric_texture,leather,0.3601
gucci_fall_2019_womens_006,pattern,polka_dot,0.37
gucci_fall_2019_womens_006,embellishment,applique_patches,0.5477
gucci_fall_2019_womens_007,silhouette,mini_length,0.3955
gucci_fall_2019_womens_007,neckline_collar,pussy_bow,0.487
gucci_fall_2019_womens_007,fabric_texture,sequined_metallic,0.3369
gucci_fall_2019_womens_007,pattern,psychedelic_geometric,0.3288
gucci_fall_2019_womens_007,embellishment,applique_patches,0.3984
gucci_fall_2019_womens_008,silhouette,maxi_length,0.2804
gucci_fall_2019_womens_008,neckline_collar,ruffled_high_collar,0.3482
gucci_fall_2019_womens_008,fabric_texture,faux_fur_trim,0.4976
gucci_fall_2019_womens_008,pattern,animal_print,0.3865
gucci_fall_2019_womens_008,embellishment,layered_jewelry,0.397
gucci_fall_2019_womens_009,silhouette,structured_tailored,0.6641
gucci_fall_2019_womens_009,neckline_collar,peter_pan_collar,0.5
gucci_fall_2019_womens_009,fabric_texture,velvet,0.3118
gucci_fall_2019_womens_009,pattern,polka_dot,0.4061
gucci_fall_2019_womens_009,embellishment,statement_bow,0.3011
gucci_fall_2019_womens_010,silhouette,structured_tailored,0.2505
gucci_fall_2019_womens_010,neckline_collar,peter_pan_collar,0.4838
gucci_fall_2019_womens_010,fabric_texture,faux_fur_trim,0.2694
gucci_fall_2019_womens_010,pattern,striped,0.422
gucci_fall_2019_womens_010,embellishment,oversized_eyewear,0.7999
gucci_fall_2019_womens_011,silhouette,seventies_flared,0.2393
gucci_fall_2019_womens_011,neckline_collar,turtleneck,0.3826
gucci_fall_2019_womens_011,fabric_texture,faux_fur_trim,0.6853
gucci_fall_2019_womens_011,pattern,animal_print,0.6926
gucci_fall_2019_womens_011,embellishment,oversized_eyewear,0.5303
gucci_fall_2019_womens_012,silhouette,maxi_length,0.2286
gucci_fall_2019_womens_012,neckline_collar,turtleneck,0.3567
gucci_fall_2019_womens_012,fabric_texture,sequined_metallic,0.5165
gucci_fall_2019_womens_012,pattern,psychedelic_geometric,0.7492
gucci_fall_2019_womens_012,embellishment,oversized_eyewear,0.4331
gucci_fall_2019_womens_013,silhouette,layered_eclectic,0.2377
gucci_fall_2019_womens_013,neckline_collar,peter_pan_collar,0.6471
gucci_fall_2019_womens_013,fabric_texture,brocade_jacquard,0.2513
gucci_fall_2019_womens_013,pattern,psychedelic_geometric,0.2436
gucci_fall_2019_womens_013,embellishment,embroidery,0.3732
gucci_fall_2019_womens_014,silhouette,layered_eclectic,0.1989
gucci_fall_2019_womens_014,neckline_collar,peter_pan_collar,0.6343
gucci_fall_2019_womens_014,fabric_texture,brocade_jacquard,0.2168
gucci_fall_2019_womens_014,pattern,polka_dot,0.3849
gucci_fall_2019_womens_014,embellishment,statement_bow,0.3806
gucci_fall_2019_womens_015,silhouette,seventies_flared,0.2198
gucci_fall_2019_womens_015,neckline_collar,crew_neckline,0.5758
gucci_fall_2019_womens_015,fabric_texture,sequined_metallic,0.267
gucci_fall_2019_womens_015,pattern,solid_no_pattern,0.2573
gucci_fall_2019_womens_015,embellishment,pearls,0.2739
gucci_fall_2019_womens_016,silhouette,layered_eclectic,0.2283
gucci_fall_2019_womens_016,neckline_collar,classic_shirt_collar,0.3429
gucci_fall_2019_womens_016,fabric_texture,cotton_jersey,0.2968
gucci_fall_2019_womens_016,pattern,psychedelic_geometric,0.2057
gucci_fall_2019_womens_016,embellishment,layered_jewelry,0.3655
gucci_fall_2019_womens_017,silhouette,layered_eclectic,0.2501
gucci_fall_2019_womens_017,neckline_collar,turtleneck,0.3952
gucci_fall_2019_womens_017,fabric_texture,sequined_metallic,0.3261
gucci_fall_2019_womens_017,pattern,psychedelic_geometric,0.6426
gucci_fall_2019_womens_017,embellishment,crystal_rhinestone,0.2395
gucci_fall_2019_womens_018,silhouette,layered_eclectic,0.2352
gucci_fall_2019_womens_018,neckline_collar,crew_neckline,0.2903
gucci_fall_2019_womens_018,fabric_texture,sequined_metallic,0.3462
gucci_fall_2019_womens_018,pattern,psychedelic_geometric,0.6894
gucci_fall_2019_womens_018,embellishment,layered_jewelry,0.4639
gucci_fall_2019_womens_019,silhouette,layered_eclectic,0.2331
gucci_fall_2019_womens_019,neckline_collar,peter_pan_collar,0.5055
gucci_fall_2019_womens_019,fabric_texture,leather,0.3409
gucci_fall_2019_womens_019,pattern,psychedelic_geometric,0.3428
gucci_fall_2019_womens_019,embellishment,oversized_eyewear,0.5893
gucci_spring_2020_mens_001,silhouette,structured_tailored,0.6061
gucci_spring_2020_mens_001,neckline_collar,peter_pan_collar,0.5553
gucci_spring_2020_mens_001,fabric_texture,leather,0.6175
gucci_spring_2020_mens_001,pattern,striped,0.2208
gucci_spring_2020_mens_001,embellishment,statement_bow,0.4
gucci_spring_2020_mens_002,silhouette,maxi_length,0.5747
gucci_spring_2020_mens_002,neckline_collar,pussy_bow,0.2438
gucci_spring_2020_mens_002,fabric_texture,velvet,0.3154
gucci_spring_2020_mens_002,pattern,polka_dot,0.2125
gucci_spring_2020_mens_002,embellishment,oversized_eyewear,0.3179
gucci_spring_2020_mens_003,silhouette,seventies_flared,0.4512
gucci_spring_2020_mens_003,neckline_collar,crew_neckline,0.2999
gucci_spring_2020_mens_003,fabric_texture,cotton_jersey,0.2938
gucci_spring_2020_mens_003,pattern,solid_no_pattern,0.6393
gucci_spring_2020_mens_003,embellishment,oversized_eyewear,0.4561
gucci_spring_2020_mens_004,silhouette,layered_eclectic,0.2572
gucci_spring_2020_mens_004,neckline_collar,classic_shirt_collar,0.3434
gucci_spring_2020_mens_004,fabric_texture,velvet,0.2591
gucci_spring_2020_mens_004,pattern,psychedelic_geometric,0.4319
gucci_spring_2020_mens_004,embellishment,oversized_eyewear,0.5706
gucci_spring_2020_mens_005,silhouette,structured_tailored,0.8342
gucci_spring_2020_mens_005,neckline_collar,classic_shirt_collar,0.5609
gucci_spring_2020_mens_005,fabric_texture,leather,0.2278
gucci_spring_2020_mens_005,pattern,animal_print,0.3105
gucci_spring_2020_mens_005,embellishment,oversized_eyewear,0.8156
gucci_spring_2020_mens_006,silhouette,seventies_flared,0.2258
gucci_spring_2020_mens_006,neckline_collar,pussy_bow,0.3251
gucci_spring_2020_mens_006,fabric_texture,silk,0.2677
gucci_spring_2020_mens_006,pattern,floral_print,0.7505
gucci_spring_2020_mens_006,embellishment,applique_patches,0.2746
gucci_spring_2020_mens_007,silhouette,structured_tailored,0.8703
gucci_spring_2020_mens_007,neckline_collar,classic_shirt_collar,0.5225
gucci_spring_2020_mens_007,fabric_texture,velvet,0.3055
gucci_spring_2020_mens_007,pattern,solid_no_pattern,0.3384
gucci_spring_2020_mens_007,embellishment,statement_bow,0.2371
gucci_spring_2020_mens_008,silhouette,structured_tailored,0.3344
gucci_spring_2020_mens_008,neckline_collar,classic_shirt_collar,0.3633
gucci_spring_2020_mens_008,fabric_texture,leather,0.2221
gucci_spring_2020_mens_008,pattern,striped,0.2749
gucci_spring_2020_mens_008,embellishment,oversized_eyewear,0.7928
gucci_spring_2020_mens_009,silhouette,structured_tailored,0.6816
gucci_spring_2020_mens_009,neckline_collar,classic_shirt_collar,0.3328
gucci_spring_2020_mens_009,fabric_texture,cotton_jersey,0.2503
gucci_spring_2020_mens_009,pattern,solid_no_pattern,0.4072
gucci_spring_2020_mens_009,embellishment,applique_patches,0.2362
gucci_spring_2020_mens_010,silhouette,structured_tailored,0.7434
gucci_spring_2020_mens_010,neckline_collar,classic_shirt_collar,0.3481
gucci_spring_2020_mens_010,fabric_texture,leather,0.5065
gucci_spring_2020_mens_010,pattern,solid_no_pattern,0.4179
gucci_spring_2020_mens_010,embellishment,oversized_eyewear,0.7002
gucci_spring_2020_mens_011,silhouette,structured_tailored,0.9166
gucci_spring_2020_mens_011,neckline_collar,classic_shirt_collar,0.5102
gucci_spring_2020_mens_011,fabric_texture,leather,0.2876
gucci_spring_2020_mens_011,pattern,striped,0.3085
gucci_spring_2020_mens_011,embellishment,oversized_eyewear,0.2522
gucci_spring_2020_mens_012,silhouette,structured_tailored,0.7902
gucci_spring_2020_mens_012,neckline_collar,classic_shirt_collar,0.3747
gucci_spring_2020_mens_012,fabric_texture,leather,0.5369
gucci_spring_2020_mens_012,pattern,polka_dot,0.2348
gucci_spring_2020_mens_012,embellishment,oversized_eyewear,0.7902
gucci_spring_2020_mens_013,silhouette,structured_tailored,0.386
gucci_spring_2020_mens_013,neckline_collar,classic_shirt_collar,0.6807
gucci_spring_2020_mens_013,fabric_texture,leather,0.3908
gucci_spring_2020_mens_013,pattern,solid_no_pattern,0.3095
gucci_spring_2020_mens_013,embellishment,pearls,0.2793
gucci_spring_2020_womens_001,silhouette,oversized_boxy,0.1853
gucci_spring_2020_womens_001,neckline_collar,turtleneck,0.2471
gucci_spring_2020_womens_001,fabric_texture,leather,0.5463
gucci_spring_2020_womens_001,pattern,animal_print,0.3162
gucci_spring_2020_womens_001,embellishment,oversized_eyewear,0.6113
gucci_spring_2020_womens_002,silhouette,seventies_flared,0.3915
gucci_spring_2020_womens_002,neckline_collar,crew_neckline,0.3088
gucci_spring_2020_womens_002,fabric_texture,silk,0.2393
gucci_spring_2020_womens_002,pattern,solid_no_pattern,0.4286
gucci_spring_2020_womens_002,embellishment,oversized_eyewear,0.8671
gucci_spring_2020_womens_003,silhouette,maxi_length,0.2451
gucci_spring_2020_womens_003,neckline_collar,turtleneck,0.483
gucci_spring_2020_womens_003,fabric_texture,sequined_metallic,0.4487
gucci_spring_2020_womens_003,pattern,animal_print,0.239
gucci_spring_2020_womens_003,embellishment,oversized_eyewear,0.3463
gucci_spring_2020_womens_004,silhouette,structured_tailored,0.5386
gucci_spring_2020_womens_004,neckline_collar,peter_pan_collar,0.2337
gucci_spring_2020_womens_004,fabric_texture,leather,0.3121
gucci_spring_2020_womens_004,pattern,polka_dot,0.2447
gucci_spring_2020_womens_004,embellishment,oversized_eyewear,0.7143
gucci_spring_2020_womens_005,silhouette,maxi_length,0.6057
gucci_spring_2020_womens_005,neckline_collar,crew_neckline,0.2585
gucci_spring_2020_womens_005,fabric_texture,lace,0.4751
gucci_spring_2020_womens_005,pattern,polka_dot,0.3055
gucci_spring_2020_womens_005,embellishment,pearls,0.3226
gucci_spring_2020_womens_006,silhouette,maxi_length,0.6708
gucci_spring_2020_womens_006,neckline_collar,plunging_neckline,0.4245
gucci_spring_2020_womens_006,fabric_texture,silk,0.3549
gucci_spring_2020_womens_006,pattern,solid_no_pattern,0.5736
gucci_spring_2020_womens_006,embellishment,layered_jewelry,0.345
gucci_spring_2020_womens_007,silhouette,seventies_flared,0.2817
gucci_spring_2020_womens_007,neckline_collar,turtleneck,0.4503
gucci_spring_2020_womens_007,fabric_texture,leather,0.2994
gucci_spring_2020_womens_007,pattern,animal_print,0.5224
gucci_spring_2020_womens_007,embellishment,oversized_eyewear,0.5431
gucci_spring_2020_womens_008,silhouette,oversized_boxy,0.2422
gucci_spring_2020_womens_008,neckline_collar,turtleneck,0.7298
gucci_spring_2020_womens_008,fabric_texture,faux_fur_trim,0.2812
gucci_spring_2020_womens_008,pattern,animal_print,0.3273
gucci_spring_2020_womens_008,embellishment,oversized_eyewear,0.826
gucci_spring_2020_womens_009,silhouette,mini_length,0.309
gucci_spring_2020_womens_009,neckline_collar,pussy_bow,0.5038
gucci_spring_2020_womens_009,fabric_texture,sequined_metallic,0.2382
gucci_spring_2020_womens_009,pattern,psychedelic_geometric,0.5224
gucci_spring_2020_womens_009,embellishment,oversized_eyewear,0.4281
gucci_spring_2020_womens_010,silhouette,maxi_length,0.3978
gucci_spring_2020_womens_010,neckline_collar,plunging_neckline,0.6112
gucci_spring_2020_womens_010,fabric_texture,leather,0.396
gucci_spring_2020_womens_010,pattern,solid_no_pattern,0.4142
gucci_spring_2020_womens_010,embellishment,layered_jewelry,0.4478
gucci_spring_2020_womens_011,silhouette,structured_tailored,0.6484
gucci_spring_2020_womens_011,neckline_collar,classic_shirt_collar,0.4633
gucci_spring_2020_womens_011,fabric_texture,brocade_jacquard,0.2585
gucci_spring_2020_womens_011,pattern,polka_dot,0.6375
gucci_spring_2020_womens_011,embellishment,oversized_eyewear,0.7786
gucci_spring_2020_womens_012,silhouette,romantic_bohemian,0.458
gucci_spring_2020_womens_012,neckline_collar,plunging_neckline,0.4103
gucci_spring_2020_womens_012,fabric_texture,lace,0.7682
gucci_spring_2020_womens_012,pattern,graphic_print,0.2411
gucci_spring_2020_womens_012,embellishment,embroidery,0.2433
gucci_spring_2020_womens_013,silhouette,maxi_length,0.3802
gucci_spring_2020_womens_013,neckline_collar,plunging_neckline,0.5565
gucci_spring_2020_womens_013,fabric_texture,silk,0.3081
gucci_spring_2020_womens_013,pattern,psychedelic_geometric,0.6359
gucci_spring_2020_womens_013,embellishment,embroidery,0.2749
gucci_spring_2020_womens_014,silhouette,romantic_bohemian,0.2861
gucci_spring_2020_womens_014,neckline_collar,plunging_neckline,0.8263
gucci_spring_2020_womens_014,fabric_texture,lace,0.3248
gucci_spring_2020_womens_014,pattern,animal_print,0.4215
gucci_spring_2020_womens_014,embellishment,pearls,0.2736
gucci_spring_2020_womens_015,silhouette,mini_length,0.4591
gucci_spring_2020_womens_015,neckline_collar,plunging_neckline,0.6508
gucci_spring_2020_womens_015,fabric_texture,silk,0.322
gucci_spring_2020_womens_015,pattern,graphic_print,0.2356
gucci_spring_2020_womens_015,embellishment,embroidery,0.2724
gucci_spring_2020_womens_016,silhouette,maxi_length,0.4521
gucci_spring_2020_womens_016,neckline_collar,turtleneck,0.3054
gucci_spring_2020_womens_016,fabric_texture,faux_fur_trim,0.3429
gucci_spring_2020_womens_016,pattern,solid_no_pattern,0.3497
gucci_spring_2020_womens_016,embellishment,oversized_eyewear,0.5084
gucci_spring_2020_womens_017,silhouette,seventies_flared,0.4778
gucci_spring_2020_womens_017,neckline_collar,pussy_bow,0.3785
gucci_spring_2020_womens_017,fabric_texture,sequined_metallic,0.2506
gucci_spring_2020_womens_017,pattern,solid_no_pattern,0.2936
gucci_spring_2020_womens_017,embellishment,oversized_eyewear,0.859
gucci_spring_2020_womens_018,silhouette,oversized_boxy,0.1894
gucci_spring_2020_womens_018,neckline_collar,crew_neckline,0.2372
gucci_spring_2020_womens_018,fabric_texture,leather,0.3585
gucci_spring_2020_womens_018,pattern,animal_print,0.239
gucci_spring_2020_womens_018,embellishment,oversized_eyewear,0.8451
gucci_spring_2020_womens_019,silhouette,seventies_flared,0.3864
gucci_spring_2020_womens_019,neckline_collar,pussy_bow,0.4249
gucci_spring_2020_womens_019,fabric_texture,sequined_metallic,0.1705
gucci_spring_2020_womens_019,pattern,polka_dot,0.6155
gucci_spring_2020_womens_019,embellishment,statement_bow,0.316
gucci_spring_2020_womens_020,silhouette,maxi_length,0.4606
gucci_spring_2020_womens_020,neckline_collar,turtleneck,0.3393
gucci_spring_2020_womens_020,fabric_texture,faux_fur_trim,0.7394
gucci_spring_2020_womens_020,pattern,animal_print,0.24
gucci_spring_2020_womens_020,embellishment,oversized_eyewear,0.905
gucci_spring_2020_womens_021,silhouette,casual_relaxed,0.2521
gucci_spring_2020_womens_021,neckline_collar,plunging_neckline,0.4124
gucci_spring_2020_womens_021,fabric_texture,leather,0.3815
gucci_spring_2020_womens_021,pattern,solid_no_pattern,0.294
gucci_spring_2020_womens_021,embellishment,oversized_eyewear,0.7207
gucci_fall_2020_mens_001,silhouette,structured_tailored,0.5849
gucci_fall_2020_mens_001,neckline_collar,classic_shirt_collar,0.5855
gucci_fall_2020_mens_001,fabric_texture,sequined_metallic,0.2137
gucci_fall_2020_mens_001,pattern,floral_print,0.3434
gucci_fall_2020_mens_001,embellishment,crystal_rhinestone,0.1931
gucci_fall_2020_mens_002,silhouette,layered_eclectic,0.2294
gucci_fall_2020_mens_002,neckline_collar,ruffled_high_collar,0.2614
gucci_fall_2020_mens_002,fabric_texture,leather,0.2132
gucci_fall_2020_mens_002,pattern,animal_print,0.2125
gucci_fall_2020_mens_002,embellishment,layered_jewelry,0.3032
gucci_fall_2020_mens_003,silhouette,layered_eclectic,0.4447
gucci_fall_2020_mens_003,neckline_collar,ruffled_high_collar,0.303
gucci_fall_2020_mens_003,fabric_texture,leather,0.458
gucci_fall_2020_mens_003,pattern,animal_print,0.4306
gucci_fall_2020_mens_003,embellishment,layered_jewelry,0.4929
gucci_fall_2020_mens_004,silhouette,layered_eclectic,0.4299
gucci_fall_2020_mens_004,neckline_collar,classic_shirt_collar,0.4036
gucci_fall_2020_mens_004,fabric_texture,leather,0.3089
gucci_fall_2020_mens_004,pattern,polka_dot,0.3008
gucci_fall_2020_mens_004,embellishment,applique_patches,0.3202
gucci_fall_2020_mens_005,silhouette,layered_eclectic,0.5201
gucci_fall_2020_mens_005,neckline_collar,turtleneck,0.742
gucci_fall_2020_mens_005,fabric_texture,faux_fur_trim,0.4584
gucci_fall_2020_mens_005,pattern,striped,0.5373
gucci_fall_2020_mens_005,embellishment,embroidery,0.2401
gucci_fall_2020_mens_006,silhouette,structured_tailored,0.8277
gucci_fall_2020_mens_006,neckline_collar,classic_shirt_collar,0.6457
gucci_fall_2020_mens_006,fabric_texture,leather,0.4874
gucci_fall_2020_mens_006,pattern,polka_dot,0.1879
gucci_fall_2020_mens_006,embellishment,oversized_eyewear,0.2842
gucci_fall_2020_mens_007,silhouette,casual_relaxed,0.409
gucci_fall_2020_mens_007,neckline_collar,peter_pan_collar,0.3241
gucci_fall_2020_mens_007,fabric_texture,cotton_jersey,0.4017
gucci_fall_2020_mens_007,pattern,logo_monogram,0.3893
gucci_fall_2020_mens_007,embellishment,applique_patches,0.3931
gucci_fall_2020_mens_008,silhouette,layered_eclectic,0.3055
gucci_fall_2020_mens_008,neckline_collar,classic_shirt_collar,0.7426
gucci_fall_2020_mens_008,fabric_texture,cotton_jersey,0.4716
gucci_fall_2020_mens_008,pattern,polka_dot,0.276
gucci_fall_2020_mens_008,embellishment,applique_patches,0.3072
gucci_fall_2020_mens_009,silhouette,mini_length,0.3391
gucci_fall_2020_mens_009,neckline_collar,peter_pan_collar,0.4105
gucci_fall_2020_mens_009,fabric_texture,cotton_jersey,0.2868
gucci_fall_2020_mens_009,pattern,polka_dot,0.2101
gucci_fall_2020_mens_009,embellishment,statement_bow,0.3026
gucci_fall_2020_mens_010,silhouette,structured_tailored,0.3902
gucci_fall_2020_mens_010,neckline_collar,peter_pan_collar,0.5302
gucci_fall_2020_mens_010,fabric_texture,leather,0.4278
gucci_fall_2020_mens_010,pattern,polka_dot,0.3411
gucci_fall_2020_mens_010,embellishment,statement_bow,0.544
gucci_fall_2020_mens_011,silhouette,structured_tailored,0.4581
gucci_fall_2020_mens_011,neckline_collar,turtleneck,0.2582
gucci_fall_2020_mens_011,fabric_texture,leather,0.3099
gucci_fall_2020_mens_011,pattern,solid_no_pattern,0.2291
gucci_fall_2020_mens_011,embellishment,oversized_eyewear,0.6216
gucci_fall_2020_mens_012,silhouette,structured_tailored,0.4127
gucci_fall_2020_mens_012,neckline_collar,classic_shirt_collar,0.2318
gucci_fall_2020_mens_012,fabric_texture,brocade_jacquard,0.3305
gucci_fall_2020_mens_012,pattern,striped,0.2704
gucci_fall_2020_mens_012,embellishment,statement_bow,0.2133
gucci_fall_2020_mens_013,silhouette,structured_tailored,0.7551
gucci_fall_2020_mens_013,neckline_collar,classic_shirt_collar,0.4999
gucci_fall_2020_mens_013,fabric_texture,velvet,0.2936
gucci_fall_2020_mens_013,pattern,striped,0.3189
gucci_fall_2020_mens_013,embellishment,embroidery,0.2185
gucci_fall_2020_mens_014,silhouette,mini_length,0.6467
gucci_fall_2020_mens_014,neckline_collar,peter_pan_collar,0.9187
gucci_fall_2020_mens_014,fabric_texture,leather,0.2505
gucci_fall_2020_mens_014,pattern,polka_dot,0.2688
gucci_fall_2020_mens_014,embellishment,layered_jewelry,0.2992
gucci_fall_2020_mens_015,silhouette,mini_length,0.2045
gucci_fall_2020_mens_015,neckline_collar,peter_pan_collar,0.8004
gucci_fall_2020_mens_015,fabric_texture,cotton_jersey,0.3492
gucci_fall_2020_mens_015,pattern,polka_dot,0.4532
gucci_fall_2020_mens_015,embellishment,statement_bow,0.5156
gucci_fall_2020_mens_016,silhouette,layered_eclectic,0.4132
gucci_fall_2020_mens_016,neckline_collar,turtleneck,0.3431
gucci_fall_2020_mens_016,fabric_texture,faux_fur_trim,0.5469
gucci_fall_2020_mens_016,pattern,animal_print,0.345
gucci_fall_2020_mens_016,embellishment,layered_jewelry,0.2402
gucci_fall_2020_mens_017,silhouette,casual_relaxed,0.2923
gucci_fall_2020_mens_017,neckline_collar,classic_shirt_collar,0.4768
gucci_fall_2020_mens_017,fabric_texture,cotton_jersey,0.3027
gucci_fall_2020_mens_017,pattern,solid_no_pattern,0.3369
gucci_fall_2020_mens_017,embellishment,oversized_eyewear,0.6158
gucci_fall_2020_womens_001,silhouette,romantic_bohemian,0.4729
gucci_fall_2020_womens_001,neckline_collar,ruffled_high_collar,0.4389
gucci_fall_2020_womens_001,fabric_texture,lace,0.5659
gucci_fall_2020_womens_001,pattern,striped,0.3162
gucci_fall_2020_womens_001,embellishment,pearls,0.3106
gucci_fall_2020_womens_002,silhouette,mini_length,0.3722
gucci_fall_2020_womens_002,neckline_collar,ruffled_high_collar,0.5766
gucci_fall_2020_womens_002,fabric_texture,faux_fur_trim,0.585
gucci_fall_2020_womens_002,pattern,floral_print,0.1887
gucci_fall_2020_womens_002,embellishment,statement_bow,0.4053
gucci_fall_2020_womens_003,silhouette,oversized_boxy,0.2355
gucci_fall_2020_womens_003,neckline_collar,peter_pan_collar,0.4715
gucci_fall_2020_womens_003,fabric_texture,faux_fur_trim,0.6189
gucci_fall_2020_womens_003,pattern,floral_print,0.3648
gucci_fall_2020_womens_003,embellishment,statement_bow,0.4542
gucci_fall_2020_womens_004,silhouette,mini_length,0.2783
gucci_fall_2020_womens_004,neckline_collar,peter_pan_collar,0.8013
gucci_fall_2020_womens_004,fabric_texture,cotton_jersey,0.3681
gucci_fall_2020_womens_004,pattern,polka_dot,0.3349
gucci_fall_2020_womens_004,embellishment,statement_bow,0.3085
gucci_fall_2020_womens_005,silhouette,maxi_length,0.4928
gucci_fall_2020_womens_005,neckline_collar,ruffled_high_collar,0.3388
gucci_fall_2020_womens_005,fabric_texture,lace,0.7396
gucci_fall_2020_womens_005,pattern,polka_dot,0.3017
gucci_fall_2020_womens_005,embellishment,pearls,0.3737
gucci_fall_2020_womens_006,silhouette,mini_length,0.3712
gucci_fall_2020_womens_006,neckline_collar,peter_pan_collar,0.6291
gucci_fall_2020_womens_006,fabric_texture,leather,0.3452
gucci_fall_2020_womens_006,pattern,polka_dot,0.3478
gucci_fall_2020_womens_006,embellishment,layered_jewelry,0.3088
gucci_fall_2020_womens_007,silhouette,oversized_boxy,0.2232
gucci_fall_2020_womens_007,neckline_collar,peter_pan_collar,0.7093
gucci_fall_2020_womens_007,fabric_texture,faux_fur_trim,0.4327
gucci_fall_2020_womens_007,pattern,polka_dot,0.771
gucci_fall_2020_womens_007,embellishment,embroidery,0.1954
gucci_fall_2020_womens_008,silhouette,maxi_length,0.6473
gucci_fall_2020_womens_008,neckline_collar,ruffled_high_collar,0.3775
gucci_fall_2020_womens_008,fabric_texture,brocade_jacquard,0.2112
gucci_fall_2020_womens_008,pattern,floral_print,0.283
gucci_fall_2020_womens_008,embellishment,statement_bow,0.2432
gucci_fall_2020_womens_009,silhouette,structured_tailored,0.39
gucci_fall_2020_womens_009,neckline_collar,pussy_bow,0.3882
gucci_fall_2020_womens_009,fabric_texture,brocade_jacquard,0.2537
gucci_fall_2020_womens_009,pattern,polka_dot,0.4082
gucci_fall_2020_womens_009,embellishment,statement_bow,0.5742
gucci_fall_2020_womens_010,silhouette,maxi_length,0.6349
gucci_fall_2020_womens_010,neckline_collar,ruffled_high_collar,0.9071
gucci_fall_2020_womens_010,fabric_texture,lace,0.6843
gucci_fall_2020_womens_010,pattern,polka_dot,0.2035
gucci_fall_2020_womens_010,embellishment,pearls,0.3011
gucci_fall_2020_womens_011,silhouette,mini_length,0.2715
gucci_fall_2020_womens_011,neckline_collar,peter_pan_collar,0.3643
gucci_fall_2020_womens_011,fabric_texture,cotton_jersey,0.4874
gucci_fall_2020_womens_011,pattern,psychedelic_geometric,0.1989
gucci_fall_2020_womens_011,embellishment,statement_bow,0.2713
gucci_fall_2020_womens_012,silhouette,maxi_length,0.7116
gucci_fall_2020_womens_012,neckline_collar,ruffled_high_collar,0.7438
gucci_fall_2020_womens_012,fabric_texture,lace,0.5679
gucci_fall_2020_womens_012,pattern,floral_print,0.5313
gucci_fall_2020_womens_012,embellishment,crystal_rhinestone,0.3028
gucci_fall_2020_womens_013,silhouette,structured_tailored,0.3298
gucci_fall_2020_womens_013,neckline_collar,pussy_bow,0.3393
gucci_fall_2020_womens_013,fabric_texture,sequined_metallic,0.2685
gucci_fall_2020_womens_013,pattern,polka_dot,0.4014
gucci_fall_2020_womens_013,embellishment,crystal_rhinestone,0.2284
gucci_fall_2020_womens_014,silhouette,mini_length,0.8891
gucci_fall_2020_womens_014,neckline_collar,peter_pan_collar,0.9423
gucci_fall_2020_womens_014,fabric_texture,cotton_jersey,0.6138
gucci_fall_2020_womens_014,pattern,polka_dot,0.4978
gucci_fall_2020_womens_014,embellishment,applique_patches,0.4425
gucci_fall_2020_womens_015,silhouette,mini_length,0.2014
gucci_fall_2020_womens_015,neckline_collar,crew_neckline,0.3786
gucci_fall_2020_womens_015,fabric_texture,cotton_jersey,0.2841
gucci_fall_2020_womens_015,pattern,solid_no_pattern,0.3022
gucci_fall_2020_womens_015,embellishment,embroidery,0.2447
gucci_fall_2020_womens_016,silhouette,mini_length,0.3779
gucci_fall_2020_womens_016,neckline_collar,crew_neckline,0.5976
gucci_fall_2020_womens_016,fabric_texture,cotton_jersey,0.3242
gucci_fall_2020_womens_016,pattern,logo_monogram,0.5503
gucci_fall_2020_womens_016,embellishment,layered_jewelry,0.1906
gucci_spring_2021_mens_001,silhouette,seventies_flared,0.3252
gucci_spring_2021_mens_001,neckline_collar,classic_shirt_collar,0.523
gucci_spring_2021_mens_001,fabric_texture,cotton_jersey,0.3149
gucci_spring_2021_mens_001,pattern,animal_print,0.4106
gucci_spring_2021_mens_001,embellishment,oversized_eyewear,0.5087
gucci_spring_2021_mens_002,silhouette,structured_tailored,0.9151
gucci_spring_2021_mens_002,neckline_collar,classic_shirt_collar,0.5085
gucci_spring_2021_mens_002,fabric_texture,leather,0.3141
gucci_spring_2021_mens_002,pattern,solid_no_pattern,0.3147
gucci_spring_2021_mens_002,embellishment,crystal_rhinestone,0.3227
gucci_spring_2021_mens_003,silhouette,seventies_flared,0.2417
gucci_spring_2021_mens_003,neckline_collar,peter_pan_collar,0.2612
gucci_spring_2021_mens_003,fabric_texture,faux_fur_trim,0.3988
gucci_spring_2021_mens_003,pattern,striped,0.357
gucci_spring_2021_mens_003,embellishment,statement_bow,0.5886
gucci_spring_2021_mens_004,silhouette,mini_length,0.5105
gucci_spring_2021_mens_004,neckline_collar,peter_pan_collar,0.6144
gucci_spring_2021_mens_004,fabric_texture,cotton_jersey,0.8024
gucci_spring_2021_mens_004,pattern,striped,0.8111
gucci_spring_2021_mens_004,embellishment,statement_bow,0.3181
gucci_spring_2021_mens_005,silhouette,structured_tailored,0.3421
gucci_spring_2021_mens_005,neckline_collar,classic_shirt_collar,0.3987
gucci_spring_2021_mens_005,fabric_texture,sequined_metallic,0.5479
gucci_spring_2021_mens_005,pattern,striped,0.2149
gucci_spring_2021_mens_005,embellishment,crystal_rhinestone,0.6356
gucci_spring_2021_mens_006,silhouette,mini_length,0.5411
gucci_spring_2021_mens_006,neckline_collar,peter_pan_collar,0.6847
gucci_spring_2021_mens_006,fabric_texture,cotton_jersey,0.3929
gucci_spring_2021_mens_006,pattern,polka_dot,0.2709
gucci_spring_2021_mens_006,embellishment,applique_patches,0.2728
gucci_spring_2021_mens_007,silhouette,casual_relaxed,0.2954
gucci_spring_2021_mens_007,neckline_collar,classic_shirt_collar,0.4028
gucci_spring_2021_mens_007,fabric_texture,cotton_jersey,0.3416
gucci_spring_2021_mens_007,pattern,striped,0.3032
gucci_spring_2021_mens_007,embellishment,oversized_eyewear,0.9034
gucci_spring_2021_mens_008,silhouette,mini_length,0.9059
gucci_spring_2021_mens_008,neckline_collar,classic_shirt_collar,0.2808
gucci_spring_2021_mens_008,fabric_texture,lace,0.5586
gucci_spring_2021_mens_008,pattern,striped,0.3489
gucci_spring_2021_mens_008,embellishment,oversized_eyewear,0.554
gucci_spring_2021_mens_009,silhouette,mini_length,0.513
gucci_spring_2021_mens_009,neckline_collar,turtleneck,0.3902
gucci_spring_2021_mens_009,fabric_texture,cotton_jersey,0.504
gucci_spring_2021_mens_009,pattern,animal_print,0.3231
gucci_spring_2021_mens_009,embellishment,oversized_eyewear,0.2634
gucci_spring_2021_mens_010,silhouette,structured_tailored,0.4778
gucci_spring_2021_mens_010,neckline_collar,classic_shirt_collar,0.7382
gucci_spring_2021_mens_010,fabric_texture,cotton_jersey,0.5216
gucci_spring_2021_mens_010,pattern,striped,0.2146
gucci_spring_2021_mens_010,embellishment,oversized_eyewear,0.3897
gucci_spring_2021_mens_011,silhouette,mini_length,0.9128
gucci_spring_2021_mens_011,neckline_collar,classic_shirt_collar,0.4196
gucci_spring_2021_mens_011,fabric_texture,cotton_jersey,0.7885
gucci_spring_2021_mens_011,pattern,logo_monogram,0.3199
gucci_spring_2021_mens_011,embellishment,oversized_eyewear,0.3298
gucci_spring_2021_mens_012,silhouette,layered_eclectic,0.5903
gucci_spring_2021_mens_012,neckline_collar,peter_pan_collar,0.5354
gucci_spring_2021_mens_012,fabric_texture,cotton_jersey,0.2655
gucci_spring_2021_mens_012,pattern,floral_print,0.2046
gucci_spring_2021_mens_012,embellishment,statement_bow,0.3667
gucci_spring_2021_mens_013,silhouette,casual_relaxed,0.3488
gucci_spring_2021_mens_013,neckline_collar,crew_neckline,0.4081
gucci_spring_2021_mens_013,fabric_texture,lace,0.5999
gucci_spring_2021_mens_013,pattern,solid_no_pattern,0.3891
gucci_spring_2021_mens_013,embellishment,embroidery,0.681
gucci_spring_2021_mens_014,silhouette,mini_length,0.8283
gucci_spring_2021_mens_014,neckline_collar,peter_pan_collar,0.5415
gucci_spring_2021_mens_014,fabric_texture,cotton_jersey,0.7553
gucci_spring_2021_mens_014,pattern,solid_no_pattern,0.3634
gucci_spring_2021_mens_014,embellishment,oversized_eyewear,0.3698
gucci_spring_2021_womens_001,silhouette,mini_length,0.4844
gucci_spring_2021_womens_001,neckline_collar,plunging_neckline,0.511
gucci_spring_2021_womens_001,fabric_texture,lace,0.6083
gucci_spring_2021_womens_001,pattern,animal_print,0.5145
gucci_spring_2021_womens_001,embellishment,pearls,0.3271
gucci_spring_2021_womens_002,silhouette,mini_length,0.4698
gucci_spring_2021_womens_002,neckline_collar,crew_neckline,0.4852
gucci_spring_2021_womens_002,fabric_texture,cotton_jersey,0.3808
gucci_spring_2021_womens_002,pattern,striped,0.3398
gucci_spring_2021_womens_002,embellishment,oversized_eyewear,0.8393
gucci_spring_2021_womens_003,silhouette,maxi_length,0.2861
gucci_spring_2021_womens_003,neckline_collar,peter_pan_collar,0.318
gucci_spring_2021_womens_003,fabric_texture,cotton_jersey,0.5617
gucci_spring_2021_womens_003,pattern,striped,0.537
gucci_spring_2021_womens_003,embellishment,embroidery,0.3025
gucci_spring_2021_womens_004,silhouette,seventies_flared,0.4293
gucci_spring_2021_womens_004,neckline_collar,classic_shirt_collar,0.295
gucci_spring_2021_womens_004,fabric_texture,leather,0.353
gucci_spring_2021_womens_004,pattern,striped,0.2575
gucci_spring_2021_womens_004,embellishment,statement_bow,0.3525
gucci_spring_2021_womens_005,silhouette,mini_length,0.7225
gucci_spring_2021_womens_005,neckline_collar,peter_pan_collar,0.6877
gucci_spring_2021_womens_005,fabric_texture,leather,0.3832
gucci_spring_2021_womens_005,pattern,striped,0.3696
gucci_spring_2021_womens_005,embellishment,statement_bow,0.3866
gucci_spring_2021_womens_006,silhouette,mini_length,0.4997
gucci_spring_2021_womens_006,neckline_collar,peter_pan_collar,0.5826
gucci_spring_2021_womens_006,fabric_texture,cotton_jersey,0.48
gucci_spring_2021_womens_006,pattern,logo_monogram,0.4468
gucci_spring_2021_womens_006,embellishment,embroidery,0.3926
gucci_spring_2021_womens_007,silhouette,seventies_flared,0.3096
gucci_spring_2021_womens_007,neckline_collar,peter_pan_collar,0.6765
gucci_spring_2021_womens_007,fabric_texture,cotton_jersey,0.2915
gucci_spring_2021_womens_007,pattern,floral_print,0.2528
gucci_spring_2021_womens_007,embellishment,embroidery,0.2876
gucci_spring_2021_womens_008,silhouette,maxi_length,0.3594
gucci_spring_2021_womens_008,neckline_collar,plunging_neckline,0.199
gucci_spring_2021_womens_008,fabric_texture,brocade_jacquard,0.2267
gucci_spring_2021_womens_008,pattern,polka_dot,0.2935
gucci_spring_2021_womens_008,embellishment,embroidery,0.2659
gucci_spring_2021_womens_009,silhouette,mini_length,0.3681
gucci_spring_2021_womens_009,neckline_collar,peter_pan_collar,0.5237
gucci_spring_2021_womens_009,fabric_texture,cotton_jersey,0.3771
gucci_spring_2021_womens_009,pattern,floral_print,0.687
gucci_spring_2021_womens_009,embellishment,embroidery,0.4339
gucci_spring_2021_womens_010,silhouette,mini_length,0.3438
gucci_spring_2021_womens_010,neckline_collar,peter_pan_collar,0.7293
gucci_spring_2021_womens_010,fabric_texture,cotton_jersey,0.5547
gucci_spring_2021_womens_010,pattern,striped,0.4338
gucci_spring_2021_womens_010,embellishment,oversized_eyewear,0.7136
gucci_spring_2021_womens_011,silhouette,maxi_length,0.3259
gucci_spring_2021_womens_011,neckline_collar,peter_pan_collar,0.4138
gucci_spring_2021_womens_011,fabric_texture,cotton_jersey,0.3833
gucci_spring_2021_womens_011,pattern,polka_dot,0.8064
gucci_spring_2021_womens_011,embellishment,oversized_eyewear,0.2869
gucci_spring_2021_womens_012,silhouette,maxi_length,0.4532
gucci_spring_2021_womens_012,neckline_collar,crew_neckline,0.31
gucci_spring_2021_womens_012,fabric_texture,sequined_metallic,0.2341
gucci_spring_2021_womens_012,pattern,polka_dot,0.2351
gucci_spring_2021_womens_012,embellishment,embroidery,0.3935
gucci_spring_2021_womens_013,silhouette,romantic_bohemian,0.5605
gucci_spring_2021_womens_013,neckline_collar,crew_neckline,0.6108
gucci_spring_2021_womens_013,fabric_texture,lace,0.3268
gucci_spring_2021_womens_013,pattern,floral_print,0.7587
gucci_spring_2021_womens_013,embellishment,pearls,0.3569
gucci_fall_2021_mens_001,silhouette,structured_tailored,0.6092
gucci_fall_2021_mens_001,neckline_collar,classic_shirt_collar,0.3892
gucci_fall_2021_mens_001,fabric_texture,sequined_metallic,0.4784
gucci_fall_2021_mens_001,pattern,animal_print,0.2085
gucci_fall_2021_mens_001,embellishment,oversized_eyewear,0.7996
gucci_fall_2021_mens_002,silhouette,structured_tailored,0.3903
gucci_fall_2021_mens_002,neckline_collar,turtleneck,0.3131
gucci_fall_2021_mens_002,fabric_texture,faux_fur_trim,0.4571
gucci_fall_2021_mens_002,pattern,polka_dot,0.2744
gucci_fall_2021_mens_002,embellishment,crystal_rhinestone,0.2977
gucci_fall_2021_mens_003,silhouette,casual_relaxed,0.3632
gucci_fall_2021_mens_003,neckline_collar,turtleneck,0.8507
gucci_fall_2021_mens_003,fabric_texture,sequined_metallic,0.477
gucci_fall_2021_mens_003,pattern,solid_no_pattern,0.2507
gucci_fall_2021_mens_003,embellishment,crystal_rhinestone,0.5041
gucci_fall_2021_mens_004,silhouette,structured_tailored,0.407
gucci_fall_2021_mens_004,neckline_collar,classic_shirt_collar,0.5451
gucci_fall_2021_mens_004,fabric_texture,sequined_metallic,0.4311
gucci_fall_2021_mens_004,pattern,floral_print,0.3604
gucci_fall_2021_mens_004,embellishment,oversized_eyewear,0.8778
gucci_fall_2021_mens_005,silhouette,structured_tailored,0.4003
gucci_fall_2021_mens_005,neckline_collar,ruffled_high_collar,0.4012
gucci_fall_2021_mens_005,fabric_texture,leather,0.2874
gucci_fall_2021_mens_005,pattern,logo_monogram,0.1706
gucci_fall_2021_mens_005,embellishment,crystal_rhinestone,0.328
gucci_fall_2021_mens_006,silhouette,structured_tailored,0.5794
gucci_fall_2021_mens_006,neckline_collar,classic_shirt_collar,0.3125
gucci_fall_2021_mens_006,fabric_texture,sequined_metallic,0.5241
gucci_fall_2021_mens_006,pattern,solid_no_pattern,0.4577
gucci_fall_2021_mens_006,embellishment,crystal_rhinestone,0.6515
gucci_fall_2021_mens_007,silhouette,maxi_length,0.3389
gucci_fall_2021_mens_007,neckline_collar,turtleneck,0.3997
gucci_fall_2021_mens_007,fabric_texture,faux_fur_trim,0.3329
gucci_fall_2021_mens_007,pattern,animal_print,0.5738
gucci_fall_2021_mens_007,embellishment,crystal_rhinestone,0.476
gucci_fall_2021_mens_008,silhouette,casual_relaxed,0.2641
gucci_fall_2021_mens_008,neckline_collar,turtleneck,0.3653
gucci_fall_2021_mens_008,fabric_texture,faux_fur_trim,0.4376
gucci_fall_2021_mens_008,pattern,animal_print,0.64
gucci_fall_2021_mens_008,embellishment,crystal_rhinestone,0.4455
gucci_fall_2021_mens_009,silhouette,layered_eclectic,0.2952
gucci_fall_2021_mens_009,neckline_collar,peter_pan_collar,0.324
gucci_fall_2021_mens_009,fabric_texture,faux_fur_trim,0.3817
gucci_fall_2021_mens_009,pattern,animal_print,0.2885
gucci_fall_2021_mens_009,embellishment,crystal_rhinestone,0.2366
gucci_fall_2021_mens_010,silhouette,structured_tailored,0.3489
gucci_fall_2021_mens_010,neckline_collar,classic_shirt_collar,0.2378
gucci_fall_2021_mens_010,fabric_texture,sequined_metallic,0.3195
gucci_fall_2021_mens_010,pattern,polka_dot,0.3752
gucci_fall_2021_mens_010,embellishment,oversized_eyewear,0.6589
gucci_fall_2021_mens_011,silhouette,structured_tailored,0.3228
gucci_fall_2021_mens_011,neckline_collar,classic_shirt_collar,0.2769
gucci_fall_2021_mens_011,fabric_texture,sequined_metallic,0.6372
gucci_fall_2021_mens_011,pattern,polka_dot,0.3166
gucci_fall_2021_mens_011,embellishment,crystal_rhinestone,0.5684
gucci_fall_2021_mens_012,silhouette,maxi_length,0.2351
gucci_fall_2021_mens_012,neckline_collar,turtleneck,0.2997
gucci_fall_2021_mens_012,fabric_texture,brocade_jacquard,0.5058
gucci_fall_2021_mens_012,pattern,floral_print,0.6351
gucci_fall_2021_mens_012,embellishment,oversized_eyewear,0.2993
gucci_fall_2021_mens_013,silhouette,casual_relaxed,0.6572
gucci_fall_2021_mens_013,neckline_collar,turtleneck,0.6972
gucci_fall_2021_mens_013,fabric_texture,cotton_jersey,0.5023
gucci_fall_2021_mens_013,pattern,solid_no_pattern,0.289
gucci_fall_2021_mens_013,embellishment,pearls,0.3439
gucci_fall_2021_mens_014,silhouette,structured_tailored,0.9039
gucci_fall_2021_mens_014,neckline_collar,classic_shirt_collar,0.5984
gucci_fall_2021_mens_014,fabric_texture,sequined_metallic,0.3914
gucci_fall_2021_mens_014,pattern,animal_print,0.2459
gucci_fall_2021_mens_014,embellishment,crystal_rhinestone,0.6289
gucci_fall_2021_mens_015,silhouette,structured_tailored,0.5518
gucci_fall_2021_mens_015,neckline_collar,classic_shirt_collar,0.4433
gucci_fall_2021_mens_015,fabric_texture,leather,0.4849
gucci_fall_2021_mens_015,pattern,animal_print,0.3079
gucci_fall_2021_mens_015,embellishment,crystal_rhinestone,0.384
gucci_fall_2021_mens_016,silhouette,structured_tailored,0.2491
gucci_fall_2021_mens_016,neckline_collar,turtleneck,0.4002
gucci_fall_2021_mens_016,fabric_texture,brocade_jacquard,0.3236
gucci_fall_2021_mens_016,pattern,animal_print,0.5133
gucci_fall_2021_mens_016,embellishment,embroidery,0.2465
gucci_fall_2021_mens_017,silhouette,structured_tailored,0.4901
gucci_fall_2021_mens_017,neckline_collar,classic_shirt_collar,0.3853
gucci_fall_2021_mens_017,fabric_texture,sequined_metallic,0.3773
gucci_fall_2021_mens_017,pattern,animal_print,0.2857
gucci_fall_2021_mens_017,embellishment,oversized_eyewear,0.9367
gucci_fall_2021_mens_018,silhouette,structured_tailored,0.2904
gucci_fall_2021_mens_018,neckline_collar,classic_shirt_collar,0.265
gucci_fall_2021_mens_018,fabric_texture,brocade_jacquard,0.2671
gucci_fall_2021_mens_018,pattern,animal_print,0.5479
gucci_fall_2021_mens_018,embellishment,oversized_eyewear,0.8214
gucci_fall_2021_womens_001,silhouette,maxi_length,0.9116
gucci_fall_2021_womens_001,neckline_collar,plunging_neckline,0.4287
gucci_fall_2021_womens_001,fabric_texture,sequined_metallic,0.5438
gucci_fall_2021_womens_001,pattern,animal_print,0.3726
gucci_fall_2021_womens_001,embellishment,crystal_rhinestone,0.447
gucci_fall_2021_womens_002,silhouette,mini_length,0.232
gucci_fall_2021_womens_002,neckline_collar,peter_pan_collar,0.5725
gucci_fall_2021_womens_002,fabric_texture,lace,0.2883
gucci_fall_2021_womens_002,pattern,polka_dot,0.2646
gucci_fall_2021_womens_002,embellishment,pearls,0.2467
gucci_fall_2021_womens_003,silhouette,layered_eclectic,0.2739
gucci_fall_2021_womens_003,neckline_collar,turtleneck,0.4115
gucci_fall_2021_womens_003,fabric_texture,faux_fur_trim,0.9765
gucci_fall_2021_womens_003,pattern,animal_print,0.6612
gucci_fall_2021_womens_003,embellishment,statement_bow,0.2792
gucci_fall_2021_womens_004,silhouette,romantic_bohemian,0.3175
gucci_fall_2021_womens_004,neckline_collar,plunging_neckline,0.5457
gucci_fall_2021_womens_004,fabric_texture,sequined_metallic,0.4516
gucci_fall_2021_womens_004,pattern,floral_print,0.5757
gucci_fall_2021_womens_004,embellishment,crystal_rhinestone,0.4803
gucci_fall_2021_womens_005,silhouette,maxi_length,0.3421
gucci_fall_2021_womens_005,neckline_collar,plunging_neckline,0.802
gucci_fall_2021_womens_005,fabric_texture,faux_fur_trim,0.4004
gucci_fall_2021_womens_005,pattern,animal_print,0.5364
gucci_fall_2021_womens_005,embellishment,pearls,0.3754
gucci_fall_2021_womens_006,silhouette,romantic_bohemian,0.2295
gucci_fall_2021_womens_006,neckline_collar,plunging_neckline,0.3314
gucci_fall_2021_womens_006,fabric_texture,sequined_metallic,0.6052
gucci_fall_2021_womens_006,pattern,psychedelic_geometric,0.3871
gucci_fall_2021_womens_006,embellishment,crystal_rhinestone,0.2704
gucci_fall_2021_womens_007,silhouette,maxi_length,0.3865
gucci_fall_2021_womens_007,neckline_collar,turtleneck,0.5657
gucci_fall_2021_womens_007,fabric_texture,faux_fur_trim,0.556
gucci_fall_2021_womens_007,pattern,solid_no_pattern,0.409
gucci_fall_2021_womens_007,embellishment,statement_bow,0.4174
gucci_fall_2021_womens_008,silhouette,oversized_boxy,0.2217
gucci_fall_2021_womens_008,neckline_collar,turtleneck,0.4952
gucci_fall_2021_womens_008,fabric_texture,leather,0.6729
gucci_fall_2021_womens_008,pattern,graphic_print,0.2732
gucci_fall_2021_womens_008,embellishment,crystal_rhinestone,0.2287
gucci_fall_2021_womens_009,silhouette,seventies_flared,0.2858
gucci_fall_2021_womens_009,neckline_collar,turtleneck,0.6441
gucci_fall_2021_womens_009,fabric_texture,faux_fur_trim,0.6763
gucci_fall_2021_womens_009,pattern,psychedelic_geometric,0.3796
gucci_fall_2021_womens_009,embellishment,crystal_rhinestone,0.3123
gucci_fall_2021_womens_010,silhouette,maxi_length,0.7218
gucci_fall_2021_womens_010,neckline_collar,ruffled_high_collar,0.2593
gucci_fall_2021_womens_010,fabric_texture,faux_fur_trim,0.3835
gucci_fall_2021_womens_010,pattern,polka_dot,0.3516
gucci_fall_2021_womens_010,embellishment,crystal_rhinestone,0.4638
gucci_fall_2021_womens_011,silhouette,layered_eclectic,0.2916
gucci_fall_2021_womens_011,neckline_collar,turtleneck,0.5333
gucci_fall_2021_womens_011,fabric_texture,sequined_metallic,0.3236
gucci_fall_2021_womens_011,pattern,psychedelic_geometric,0.5666
gucci_fall_2021_womens_011,embellishment,crystal_rhinestone,0.208
gucci_fall_2021_womens_012,silhouette,seventies_flared,0.3349
gucci_fall_2021_womens_012,neckline_collar,pussy_bow,0.2971
gucci_fall_2021_womens_012,fabric_texture,sequined_metallic,0.2775
gucci_fall_2021_womens_012,pattern,polka_dot,0.1852
gucci_fall_2021_womens_012,embellishment,crystal_rhinestone,0.3366
gucci_fall_2021_womens_013,silhouette,maxi_length,0.4272
gucci_fall_2021_womens_013,neckline_collar,plunging_neckline,0.728
gucci_fall_2021_womens_013,fabric_texture,sequined_metallic,0.6041
gucci_fall_2021_womens_013,pattern,animal_print,0.3258
gucci_fall_2021_womens_013,embellishment,crystal_rhinestone,0.4368
gucci_fall_2021_womens_014,silhouette,maxi_length,0.4536
gucci_fall_2021_womens_014,neckline_collar,turtleneck,0.36
gucci_fall_2021_womens_014,fabric_texture,faux_fur_trim,0.8069
gucci_fall_2021_womens_014,pattern,animal_print,0.4376
gucci_fall_2021_womens_014,embellishment,crystal_rhinestone,0.4189
gucci_fall_2021_womens_015,silhouette,seventies_flared,0.2099
gucci_fall_2021_womens_015,neckline_collar,pussy_bow,0.3044
gucci_fall_2021_womens_015,fabric_texture,sequined_metallic,0.7406
gucci_fall_2021_womens_015,pattern,floral_print,0.2144
gucci_fall_2021_womens_015,embellishment,crystal_rhinestone,0.4584
gucci_fall_2021_womens_016,silhouette,maxi_length,0.4435
gucci_fall_2021_womens_016,neckline_collar,plunging_neckline,0.3802
gucci_fall_2021_womens_016,fabric_texture,sequined_metallic,0.4074
gucci_fall_2021_womens_016,pattern,psychedelic_geometric,0.353
gucci_fall_2021_womens_016,embellishment,crystal_rhinestone,0.4515
gucci_fall_2021_womens_017,silhouette,mini_length,0.4572
gucci_fall_2021_womens_017,neckline_collar,peter_pan_collar,0.5726
gucci_fall_2021_womens_017,fabric_texture,sequined_metallic,0.2532
gucci_fall_2021_womens_017,pattern,floral_print,0.3289
gucci_fall_2021_womens_017,embellishment,crystal_rhinestone,0.4444
gucci_spring_2022_mens_001,silhouette,maxi_length,0.3704
gucci_spring_2022_mens_001,neckline_collar,pussy_bow,0.3872
gucci_spring_2022_mens_001,fabric_texture,sequined_metallic,0.2575
gucci_spring_2022_mens_001,pattern,solid_no_pattern,0.2861
gucci_spring_2022_mens_001,embellishment,statement_bow,0.3689
gucci_spring_2022_mens_002,silhouette,layered_eclectic,0.4011
gucci_spring_2022_mens_002,neckline_collar,classic_shirt_collar,0.4536
gucci_spring_2022_mens_002,fabric_texture,sequined_metallic,0.3192
gucci_spring_2022_mens_002,pattern,polka_dot,0.5797
gucci_spring_2022_mens_002,embellishment,statement_bow,0.6689
gucci_spring_2022_mens_003,silhouette,maxi_length,0.2352
gucci_spring_2022_mens_003,neckline_collar,pussy_bow,0.7544
gucci_spring_2022_mens_003,fabric_texture,sequined_metallic,0.4735
gucci_spring_2022_mens_003,pattern,floral_print,0.3369
gucci_spring_2022_mens_003,embellishment,statement_bow,0.3188
gucci_spring_2022_mens_004,silhouette,structured_tailored,0.5067
gucci_spring_2022_mens_004,neckline_collar,pussy_bow,0.3576
gucci_spring_2022_mens_004,fabric_texture,silk,0.2252
gucci_spring_2022_mens_004,pattern,floral_print,0.4508
gucci_spring_2022_mens_004,embellishment,statement_bow,0.3664
gucci_spring_2022_mens_005,silhouette,casual_relaxed,0.2887
gucci_spring_2022_mens_005,neckline_collar,pussy_bow,0.2887
gucci_spring_2022_mens_005,fabric_texture,cotton_jersey,0.2084
gucci_spring_2022_mens_005,pattern,floral_print,0.2415
gucci_spring_2022_mens_005,embellishment,oversized_eyewear,0.9152
gucci_spring_2022_mens_006,silhouette,structured_tailored,0.5796
gucci_spring_2022_mens_006,neckline_collar,classic_shirt_collar,0.5324
gucci_spring_2022_mens_006,fabric_texture,lace,0.3602
gucci_spring_2022_mens_006,pattern,polka_dot,0.5837
gucci_spring_2022_mens_006,embellishment,statement_bow,0.374
gucci_spring_2022_mens_007,silhouette,structured_tailored,0.5435
gucci_spring_2022_mens_007,neckline_collar,pussy_bow,0.3399
gucci_spring_2022_mens_007,fabric_texture,silk,0.2108
gucci_spring_2022_mens_007,pattern,solid_no_pattern,0.3586
gucci_spring_2022_mens_007,embellishment,crystal_rhinestone,0.2474
gucci_spring_2022_mens_008,silhouette,structured_tailored,0.3412
gucci_spring_2022_mens_008,neckline_collar,pussy_bow,0.4832
gucci_spring_2022_mens_008,fabric_texture,leather,0.237
gucci_spring_2022_mens_008,pattern,animal_print,0.2465
gucci_spring_2022_mens_008,embellishment,layered_jewelry,0.3049
gucci_spring_2022_mens_009,silhouette,layered_eclectic,0.2355
gucci_spring_2022_mens_009,neckline_collar,pussy_bow,0.268
gucci_spring_2022_mens_009,fabric_texture,faux_fur_trim,0.3189
gucci_spring_2022_mens_009,pattern,polka_dot,0.7324
gucci_spring_2022_mens_009,embellishment,oversized_eyewear,0.4095
gucci_spring_2022_mens_010,silhouette,layered_eclectic,0.4183
gucci_spring_2022_mens_010,neckline_collar,classic_shirt_collar,0.4195
gucci_spring_2022_mens_010,fabric_texture,sequined_metallic,0.7005
gucci_spring_2022_mens_010,pattern,polka_dot,0.448
gucci_spring_2022_mens_010,embellishment,crystal_rhinestone,0.3877
gucci_spring_2022_mens_011,silhouette,layered_eclectic,0.2007
gucci_spring_2022_mens_011,neckline_collar,pussy_bow,0.2647
gucci_spring_2022_mens_011,fabric_texture,faux_fur_trim,0.4811
gucci_spring_2022_mens_011,pattern,polka_dot,0.3131
gucci_spring_2022_mens_011,embellishment,statement_bow,0.5471
gucci_spring_2022_mens_012,silhouette,structured_tailored,0.8733
gucci_spring_2022_mens_012,neckline_collar,classic_shirt_collar,0.6037
gucci_spring_2022_mens_012,fabric_texture,brocade_jacquard,0.3171
gucci_spring_2022_mens_012,pattern,polka_dot,0.4729
gucci_spring_2022_mens_012,embellishment,statement_bow,0.5911
gucci_spring_2022_mens_013,silhouette,layered_eclectic,0.2661
gucci_spring_2022_mens_013,neckline_collar,pussy_bow,0.4261
gucci_spring_2022_mens_013,fabric_texture,cotton_jersey,0.3556
gucci_spring_2022_mens_013,pattern,floral_print,0.6892
gucci_spring_2022_mens_013,embellishment,oversized_eyewear,0.9313
gucci_spring_2022_mens_014,silhouette,maxi_length,0.2037
gucci_spring_2022_mens_014,neckline_collar,pussy_bow,0.3674
gucci_spring_2022_mens_014,fabric_texture,sequined_metallic,0.325
gucci_spring_2022_mens_014,pattern,solid_no_pattern,0.1656
gucci_spring_2022_mens_014,embellishment,crystal_rhinestone,0.285
gucci_spring_2022_mens_015,silhouette,structured_tailored,0.5335
gucci_spring_2022_mens_015,neckline_collar,classic_shirt_collar,0.9379
gucci_spring_2022_mens_015,fabric_texture,cotton_jersey,0.4274
gucci_spring_2022_mens_015,pattern,solid_no_pattern,0.2863
gucci_spring_2022_mens_015,embellishment,oversized_eyewear,0.7633
gucci_spring_2022_mens_016,silhouette,structured_tailored,0.8049
gucci_spring_2022_mens_016,neckline_collar,pussy_bow,0.3104
gucci_spring_2022_mens_016,fabric_texture,velvet,0.2683
gucci_spring_2022_mens_016,pattern,striped,0.2027
gucci_spring_2022_mens_016,embellishment,oversized_eyewear,0.6009
gucci_spring_2022_mens_017,silhouette,structured_tailored,0.4123
gucci_spring_2022_mens_017,neckline_collar,turtleneck,0.2676
gucci_spring_2022_mens_017,fabric_texture,leather,0.399
gucci_spring_2022_mens_017,pattern,striped,0.2934
gucci_spring_2022_mens_017,embellishment,oversized_eyewear,0.6588
gucci_spring_2022_mens_018,silhouette,casual_relaxed,0.2298
gucci_spring_2022_mens_018,neckline_collar,plunging_neckline,0.4427
gucci_spring_2022_mens_018,fabric_texture,sequined_metallic,0.4484
gucci_spring_2022_mens_018,pattern,animal_print,0.3186
gucci_spring_2022_mens_018,embellishment,crystal_rhinestone,0.3133
gucci_spring_2022_mens_019,silhouette,oversized_boxy,0.213
gucci_spring_2022_mens_019,neckline_collar,pussy_bow,0.2843
gucci_spring_2022_mens_019,fabric_texture,faux_fur_trim,0.3032
gucci_spring_2022_mens_019,pattern,striped,0.1989
gucci_spring_2022_mens_019,embellishment,oversized_eyewear,0.8049
gucci_spring_2022_mens_020,silhouette,maxi_length,0.3637
gucci_spring_2022_mens_020,neckline_collar,ruffled_high_collar,0.3998
gucci_spring_2022_mens_020,fabric_texture,leather,0.2889
gucci_spring_2022_mens_020,pattern,striped,0.3055
gucci_spring_2022_mens_020,embellishment,statement_bow,0.4152
gucci_spring_2022_womens_001,silhouette,structured_tailored,0.2525
gucci_spring_2022_womens_001,neckline_collar,crew_neckline,0.2126
gucci_spring_2022_womens_001,fabric_texture,leather,0.2506
gucci_spring_2022_womens_001,pattern,striped,0.3256
gucci_spring_2022_womens_001,embellishment,oversized_eyewear,0.7621
gucci_spring_2022_womens_002,silhouette,structured_tailored,0.615
gucci_spring_2022_womens_002,neckline_collar,classic_shirt_collar,0.4264
gucci_spring_2022_womens_002,fabric_texture,sequined_metallic,0.3859
gucci_spring_2022_womens_002,pattern,polka_dot,0.5773
gucci_spring_2022_womens_002,embellishment,crystal_rhinestone,0.3585
gucci_spring_2022_womens_003,silhouette,maxi_length,0.5368
gucci_spring_2022_womens_003,neckline_collar,plunging_neckline,0.6315
gucci_spring_2022_womens_003,fabric_texture,faux_fur_trim,0.9525
gucci_spring_2022_womens_003,pattern,animal_print,0.63
gucci_spring_2022_womens_003,embellishment,crystal_rhinestone,0.4412
gucci_spring_2022_womens_004,silhouette,maxi_length,0.3505
gucci_spring_2022_womens_004,neckline_collar,plunging_neckline,0.6584
gucci_spring_2022_womens_004,fabric_texture,sequined_metallic,0.3105
gucci_spring_2022_womens_004,pattern,animal_print,0.8349
gucci_spring_2022_womens_004,embellishment,oversized_eyewear,0.6547
gucci_spring_2022_womens_005,silhouette,mini_length,0.5662
gucci_spring_2022_womens_005,neckline_collar,plunging_neckline,0.2813
gucci_spring_2022_womens_005,fabric_texture,sequined_metallic,0.5358
gucci_spring_2022_womens_005,pattern,animal_print,0.5461
gucci_spring_2022_womens_005,embellishment,crystal_rhinestone,0.3344
gucci_spring_2022_womens_006,silhouette,maxi_length,0.5647
gucci_spring_2022_womens_006,neckline_collar,plunging_neckline,0.8155
gucci_spring_2022_womens_006,fabric_texture,sequined_metallic,0.3684
gucci_spring_2022_womens_006,pattern,solid_no_pattern,0.2263
gucci_spring_2022_womens_006,embellishment,crystal_rhinestone,0.3907
gucci_spring_2022_womens_007,silhouette,romantic_bohemian,0.4481
gucci_spring_2022_womens_007,neckline_collar,plunging_neckline,0.2878
gucci_spring_2022_womens_007,fabric_texture,lace,0.255
gucci_spring_2022_womens_007,pattern,animal_print,0.27
gucci_spring_2022_womens_007,embellishment,layered_jewelry,0.3092
gucci_spring_2022_womens_008,silhouette,maxi_length,0.8265
gucci_spring_2022_womens_008,neckline_collar,plunging_neckline,0.6452
gucci_spring_2022_womens_008,fabric_texture,faux_fur_trim,0.8614
gucci_spring_2022_womens_008,pattern,animal_print,0.5756
gucci_spring_2022_womens_008,embellishment,crystal_rhinestone,0.5084
gucci_spring_2022_womens_009,silhouette,maxi_length,0.6359
gucci_spring_2022_womens_009,neckline_collar,plunging_neckline,0.6792
gucci_spring_2022_womens_009,fabric_texture,sequined_metallic,0.8286
gucci_spring_2022_womens_009,pattern,graphic_print,0.2801
gucci_spring_2022_womens_009,embellishment,crystal_rhinestone,0.5875
gucci_spring_2022_womens_010,silhouette,oversized_boxy,0.2839
gucci_spring_2022_womens_010,neckline_collar,turtleneck,0.4617
gucci_spring_2022_womens_010,fabric_texture,faux_fur_trim,0.9343
gucci_spring_2022_womens_010,pattern,animal_print,0.3741
gucci_spring_2022_womens_010,embellishment,crystal_rhinestone,0.383
gucci_spring_2022_womens_011,silhouette,maxi_length,0.8877
gucci_spring_2022_womens_011,neckline_collar,plunging_neckline,0.7188
gucci_spring_2022_womens_011,fabric_texture,faux_fur_trim,0.6456
gucci_spring_2022_womens_011,pattern,polka_dot,0.3929
gucci_spring_2022_womens_011,embellishment,crystal_rhinestone,0.3705
gucci_spring_2022_womens_012,silhouette,romantic_bohemian,0.3004
gucci_spring_2022_womens_012,neckline_collar,plunging_neckline,0.4683
gucci_spring_2022_womens_012,fabric_texture,sequined_metallic,0.3011
gucci_spring_2022_womens_012,pattern,animal_print,0.414
gucci_spring_2022_womens_012,embellishment,oversized_eyewear,0.6982
gucci_spring_2022_womens_013,silhouette,romantic_bohemian,0.4156
gucci_spring_2022_womens_013,neckline_collar,plunging_neckline,0.8553
gucci_spring_2022_womens_013,fabric_texture,sequined_metallic,0.9644
gucci_spring_2022_womens_013,pattern,animal_print,0.5558
gucci_spring_2022_womens_013,embellishment,crystal_rhinestone,0.6078
gucci_spring_2022_womens_014,silhouette,maxi_length,0.3811
gucci_spring_2022_womens_014,neckline_collar,plunging_neckline,0.505
gucci_spring_2022_womens_014,fabric_texture,faux_fur_trim,0.5254
gucci_spring_2022_womens_014,pattern,animal_print,0.6329
gucci_spring_2022_womens_014,embellishment,crystal_rhinestone,0.2606
gucci_spring_2022_womens_015,silhouette,maxi_length,0.4829
gucci_spring_2022_womens_015,neckline_collar,plunging_neckline,0.6675
gucci_spring_2022_womens_015,fabric_texture,sequined_metallic,0.5487
gucci_spring_2022_womens_015,pattern,animal_print,0.6822
gucci_spring_2022_womens_015,embellishment,crystal_rhinestone,0.3408
gucci_spring_2022_womens_016,silhouette,mini_length,0.6095
gucci_spring_2022_womens_016,neckline_collar,peter_pan_collar,0.6145
gucci_spring_2022_womens_016,fabric_texture,lace,0.4901
gucci_spring_2022_womens_016,pattern,polka_dot,0.6495
gucci_spring_2022_womens_016,embellishment,statement_bow,0.3134
gucci_spring_2022_womens_017,silhouette,maxi_length,0.7056
gucci_spring_2022_womens_017,neckline_collar,plunging_neckline,0.3517
gucci_spring_2022_womens_017,fabric_texture,lace,0.6383
gucci_spring_2022_womens_017,pattern,floral_print,0.5417
gucci_spring_2022_womens_017,embellishment,crystal_rhinestone,0.3039
gucci_spring_2022_womens_018,silhouette,maxi_length,0.5704
gucci_spring_2022_womens_018,neckline_collar,plunging_neckline,0.5902
gucci_spring_2022_womens_018,fabric_texture,faux_fur_trim,0.9709
gucci_spring_2022_womens_018,pattern,animal_print,0.573
gucci_spring_2022_womens_018,embellishment,crystal_rhinestone,0.4117
gucci_spring_2022_womens_019,silhouette,romantic_bohemian,0.7062
gucci_spring_2022_womens_019,neckline_collar,plunging_neckline,0.9115
gucci_spring_2022_womens_019,fabric_texture,sequined_metallic,0.5379
gucci_spring_2022_womens_019,pattern,animal_print,0.4491
gucci_spring_2022_womens_019,embellishment,layered_jewelry,0.3736
gucci_spring_2022_womens_020,silhouette,maxi_length,0.6874
gucci_spring_2022_womens_020,neckline_collar,plunging_neckline,0.5066
gucci_spring_2022_womens_020,fabric_texture,lace,0.8305
gucci_spring_2022_womens_020,pattern,solid_no_pattern,0.328
gucci_spring_2022_womens_020,embellishment,crystal_rhinestone,0.4826
gucci_fall_2022_mens_001,silhouette,structured_tailored,0.659
gucci_fall_2022_mens_001,neckline_collar,classic_shirt_collar,0.3302
gucci_fall_2022_mens_001,fabric_texture,velvet,0.2214
gucci_fall_2022_mens_001,pattern,striped,0.6376
gucci_fall_2022_mens_001,embellishment,crystal_rhinestone,0.3259
gucci_fall_2022_mens_002,silhouette,structured_tailored,0.3556
gucci_fall_2022_mens_002,neckline_collar,peter_pan_collar,0.6566
gucci_fall_2022_mens_002,fabric_texture,brocade_jacquard,0.3027
gucci_fall_2022_mens_002,pattern,psychedelic_geometric,0.3148
gucci_fall_2022_mens_002,embellishment,layered_jewelry,0.2706
gucci_fall_2022_mens_003,silhouette,structured_tailored,0.6236
gucci_fall_2022_mens_003,neckline_collar,turtleneck,0.3993
gucci_fall_2022_mens_003,fabric_texture,leather,0.2656
gucci_fall_2022_mens_003,pattern,animal_print,0.5721
gucci_fall_2022_mens_003,embellishment,oversized_eyewear,0.4713
gucci_fall_2022_mens_004,silhouette,structured_tailored,0.72
gucci_fall_2022_mens_004,neckline_collar,classic_shirt_collar,0.4498
gucci_fall_2022_mens_004,fabric_texture,faux_fur_trim,0.2399
gucci_fall_2022_mens_004,pattern,striped,0.2703
gucci_fall_2022_mens_004,embellishment,oversized_eyewear,0.2107
gucci_fall_2022_mens_005,silhouette,structured_tailored,0.3777
gucci_fall_2022_mens_005,neckline_collar,turtleneck,0.3106
gucci_fall_2022_mens_005,fabric_texture,velvet,0.2208
gucci_fall_2022_mens_005,pattern,solid_no_pattern,0.2801
gucci_fall_2022_mens_005,embellishment,oversized_eyewear,0.8844
gucci_fall_2022_mens_006,silhouette,structured_tailored,0.5832
gucci_fall_2022_mens_006,neckline_collar,classic_shirt_collar,0.5359
gucci_fall_2022_mens_006,fabric_texture,cotton_jersey,0.29
gucci_fall_2022_mens_006,pattern,striped,0.5045
gucci_fall_2022_mens_006,embellishment,oversized_eyewear,0.483
gucci_fall_2022_mens_007,silhouette,structured_tailored,0.2637
gucci_fall_2022_mens_007,neckline_collar,turtleneck,0.3041
gucci_fall_2022_mens_007,fabric_texture,silk,0.3065
gucci_fall_2022_mens_007,pattern,psychedelic_geometric,0.3457
gucci_fall_2022_mens_007,embellishment,crystal_rhinestone,0.3229
gucci_fall_2022_mens_008,silhouette,layered_eclectic,0.2479
gucci_fall_2022_mens_008,neckline_collar,pussy_bow,0.271
gucci_fall_2022_mens_008,fabric_texture,cotton_jersey,0.3175
gucci_fall_2022_mens_008,pattern,psychedelic_geometric,0.5378
gucci_fall_2022_mens_008,embellishment,applique_patches,0.2682
gucci_fall_2022_mens_009,silhouette,maxi_length,0.3152
gucci_fall_2022_mens_009,neckline_collar,ruffled_high_collar,0.4014
gucci_fall_2022_mens_009,fabric_texture,leather,0.517
gucci_fall_2022_mens_009,pattern,graphic_print,0.2488
gucci_fall_2022_mens_009,embellishment,statement_bow,0.349
gucci_fall_2022_mens_010,silhouette,seventies_flared,0.2836
gucci_fall_2022_mens_010,neckline_collar,pussy_bow,0.4214
gucci_fall_2022_mens_010,fabric_texture,leather,0.304
gucci_fall_2022_mens_010,pattern,striped,0.5187
gucci_fall_2022_mens_010,embellishment,layered_jewelry,0.3427
gucci_fall_2022_mens_011,silhouette,structured_tailored,0.2904
gucci_fall_2022_mens_011,neckline_collar,classic_shirt_collar,0.4138
gucci_fall_2022_mens_011,fabric_texture,leather,0.5385
gucci_fall_2022_mens_011,pattern,graphic_print,0.2853
gucci_fall_2022_mens_011,embellishment,layered_jewelry,0.3887
gucci_fall_2022_mens_012,silhouette,structured_tailored,0.7097
gucci_fall_2022_mens_012,neckline_collar,classic_shirt_collar,0.3937
gucci_fall_2022_mens_012,fabric_texture,sequined_metallic,0.2788
gucci_fall_2022_mens_012,pattern,solid_no_pattern,0.1998
gucci_fall_2022_mens_012,embellishment,crystal_rhinestone,0.3634
gucci_fall_2022_mens_013,silhouette,layered_eclectic,0.6421
gucci_fall_2022_mens_013,neckline_collar,peter_pan_collar,0.2545
gucci_fall_2022_mens_013,fabric_texture,leather,0.3991
gucci_fall_2022_mens_013,pattern,psychedelic_geometric,0.3838
gucci_fall_2022_mens_013,embellishment,statement_bow,0.3882
gucci_fall_2022_mens_014,silhouette,structured_tailored,0.6363
gucci_fall_2022_mens_014,neckline_collar,classic_shirt_collar,0.388
gucci_fall_2022_mens_014,fabric_texture,cotton_jersey,0.3118
gucci_fall_2022_mens_014,pattern,polka_dot,0.2281
gucci_fall_2022_mens_014,embellishment,layered_jewelry,0.5064
gucci_fall_2022_mens_015,silhouette,maxi_length,0.2271
gucci_fall_2022_mens_015,neckline_collar,ruffled_high_collar,0.2305
gucci_fall_2022_mens_015,fabric_texture,brocade_jacquard,0.3131
gucci_fall_2022_mens_015,pattern,floral_print,0.2525
gucci_fall_2022_mens_015,embellishment,oversized_eyewear,0.6327
gucci_fall_2022_mens_016,silhouette,structured_tailored,0.8577
gucci_fall_2022_mens_016,neckline_collar,classic_shirt_collar,0.5355
gucci_fall_2022_mens_016,fabric_texture,silk,0.1969
gucci_fall_2022_mens_016,pattern,striped,0.3996
gucci_fall_2022_mens_016,embellishment,oversized_eyewear,0.1889
gucci_fall_2022_mens_017,silhouette,structured_tailored,0.7928
gucci_fall_2022_mens_017,neckline_collar,classic_shirt_collar,0.2951
gucci_fall_2022_mens_017,fabric_texture,leather,0.5556
gucci_fall_2022_mens_017,pattern,striped,0.2628
gucci_fall_2022_mens_017,embellishment,statement_bow,0.2331
gucci_fall_2022_mens_018,silhouette,structured_tailored,0.5691
gucci_fall_2022_mens_018,neckline_collar,turtleneck,0.2328
gucci_fall_2022_mens_018,fabric_texture,faux_fur_trim,0.18
gucci_fall_2022_mens_018,pattern,graphic_print,0.1918
gucci_fall_2022_mens_018,embellishment,oversized_eyewear,0.2569
gucci_fall_2022_womens_001,silhouette,structured_tailored,0.7913
gucci_fall_2022_womens_001,neckline_collar,classic_shirt_collar,0.4734
gucci_fall_2022_womens_001,fabric_texture,cotton_jersey,0.4422
gucci_fall_2022_womens_001,pattern,striped,0.3434
gucci_fall_2022_womens_001,embellishment,pearls,0.3054
gucci_fall_2022_womens_002,silhouette,layered_eclectic,0.3168
gucci_fall_2022_womens_002,neckline_collar,turtleneck,0.3583
gucci_fall_2022_womens_002,fabric_texture,faux_fur_trim,0.9512
gucci_fall_2022_womens_002,pattern,animal_print,0.4125
gucci_fall_2022_womens_002,embellishment,oversized_eyewear,0.8111
gucci_fall_2022_womens_003,silhouette,mini_length,0.3886
gucci_fall_2022_womens_003,neckline_collar,peter_pan_collar,0.6161
gucci_fall_2022_womens_003,fabric_texture,leather,0.3026
gucci_fall_2022_womens_003,pattern,striped,0.3521
gucci_fall_2022_womens_003,embellishment,oversized_eyewear,0.3444
gucci_fall_2022_womens_004,silhouette,mini_length,0.403
gucci_fall_2022_womens_004,neckline_collar,peter_pan_collar,0.3468
gucci_fall_2022_womens_004,fabric_texture,leather,0.6071
gucci_fall_2022_womens_004,pattern,psychedelic_geometric,0.2918
gucci_fall_2022_womens_004,embellishment,layered_jewelry,0.5192
gucci_fall_2022_womens_005,silhouette,seventies_flared,0.2606
gucci_fall_2022_womens_005,neckline_collar,turtleneck,0.3867
gucci_fall_2022_womens_005,fabric_texture,cotton_jersey,0.251
gucci_fall_2022_womens_005,pattern,striped,0.242
gucci_fall_2022_womens_005,embellishment,applique_patches,0.2998
gucci_fall_2022_womens_006,silhouette,maxi_length,0.4319
gucci_fall_2022_womens_006,neckline_collar,plunging_neckline,0.5473
gucci_fall_2022_womens_006,fabric_texture,silk,0.344
gucci_fall_2022_womens_006,pattern,striped,0.2708
gucci_fall_2022_womens_006,embellishment,layered_jewelry,0.4135
gucci_fall_2022_womens_007,silhouette,mini_length,0.2965
gucci_fall_2022_womens_007,neckline_collar,plunging_neckline,0.2849
gucci_fall_2022_womens_007,fabric_texture,faux_fur_trim,0.6011
gucci_fall_2022_womens_007,pattern,animal_print,0.4625
gucci_fall_2022_womens_007,embellishment,layered_jewelry,0.2868
gucci_fall_2022_womens_008,silhouette,maxi_length,0.3265
gucci_fall_2022_womens_008,neckline_collar,classic_shirt_collar,0.4325
gucci_fall_2022_womens_008,fabric_texture,leather,0.2481
gucci_fall_2022_womens_008,pattern,striped,0.3303
gucci_fall_2022_womens_008,embellishment,layered_jewelry,0.3718
gucci_fall_2022_womens_009,silhouette,layered_eclectic,0.4071
gucci_fall_2022_womens_009,neckline_collar,ruffled_high_collar,0.4357
gucci_fall_2022_womens_009,fabric_texture,faux_fur_trim,0.6578
gucci_fall_2022_womens_009,pattern,polka_dot,0.4377
gucci_fall_2022_womens_009,embellishment,statement_bow,0.5745
gucci_fall_2022_womens_010,silhouette,maxi_length,0.6812
gucci_fall_2022_womens_010,neckline_collar,ruffled_high_collar,0.3538
gucci_fall_2022_womens_010,fabric_texture,lace,0.2548
gucci_fall_2022_womens_010,pattern,striped,0.5494
gucci_fall_2022_womens_010,embellishment,layered_jewelry,0.3536
gucci_fall_2022_womens_011,silhouette,mini_length,0.3084
gucci_fall_2022_womens_011,neckline_collar,turtleneck,0.3201
gucci_fall_2022_womens_011,fabric_texture,leather,0.2747
gucci_fall_2022_womens_011,pattern,psychedelic_geometric,0.4011
gucci_fall_2022_womens_011,embellishment,layered_jewelry,0.316
gucci_fall_2022_womens_012,silhouette,mini_length,0.3374
gucci_fall_2022_womens_012,neckline_collar,plunging_neckline,0.4034
gucci_fall_2022_womens_012,fabric_texture,faux_fur_trim,0.5549
gucci_fall_2022_womens_012,pattern,animal_print,0.4968
gucci_fall_2022_womens_012,embellishment,oversized_eyewear,0.3381
gucci_fall_2022_womens_013,silhouette,maxi_length,0.7303
gucci_fall_2022_womens_013,neckline_collar,plunging_neckline,0.733
gucci_fall_2022_womens_013,fabric_texture,faux_fur_trim,0.4336
gucci_fall_2022_womens_013,pattern,animal_print,0.35
gucci_fall_2022_womens_013,embellishment,crystal_rhinestone,0.2835
gucci_fall_2022_womens_014,silhouette,maxi_length,0.4777
gucci_fall_2022_womens_014,neckline_collar,crew_neckline,0.3337
gucci_fall_2022_womens_014,fabric_texture,lace,0.3358
gucci_fall_2022_womens_014,pattern,graphic_print,0.3105
gucci_fall_2022_womens_014,embellishment,layered_jewelry,0.3019
gucci_fall_2022_womens_015,silhouette,structured_tailored,0.3208
gucci_fall_2022_womens_015,neckline_collar,crew_neckline,0.2662
gucci_fall_2022_womens_015,fabric_texture,leather,0.4629
gucci_fall_2022_womens_015,pattern,logo_monogram,0.4129
gucci_fall_2022_womens_015,embellishment,applique_patches,0.2275
gucci_fall_2022_womens_016,silhouette,structured_tailored,0.4782
gucci_fall_2022_womens_016,neckline_collar,crew_neckline,0.2796
gucci_fall_2022_womens_016,fabric_texture,silk,0.3329
gucci_fall_2022_womens_016,pattern,striped,0.7638
gucci_fall_2022_womens_016,embellishment,statement_bow,0.2175
gucci_spring_2023_mens_001,silhouette,structured_tailored,0.9116
gucci_spring_2023_mens_001,neckline_collar,classic_shirt_collar,0.6276
gucci_spring_2023_mens_001,fabric_texture,leather,0.2671
gucci_spring_2023_mens_001,pattern,striped,0.472
gucci_spring_2023_mens_001,embellishment,crystal_rhinestone,0.28
gucci_spring_2023_mens_002,silhouette,layered_eclectic,0.3286
gucci_spring_2023_mens_002,neckline_collar,turtleneck,0.3173
gucci_spring_2023_mens_002,fabric_texture,sequined_metallic,0.7993
gucci_spring_2023_mens_002,pattern,striped,0.3423
gucci_spring_2023_mens_002,embellishment,oversized_eyewear,0.6554
gucci_spring_2023_mens_003,silhouette,structured_tailored,0.643
gucci_spring_2023_mens_003,neckline_collar,classic_shirt_collar,0.3653
gucci_spring_2023_mens_003,fabric_texture,brocade_jacquard,0.3048
gucci_spring_2023_mens_003,pattern,striped,0.316
gucci_spring_2023_mens_003,embellishment,oversized_eyewear,0.794
gucci_spring_2023_mens_004,silhouette,structured_tailored,0.6049
gucci_spring_2023_mens_004,neckline_collar,classic_shirt_collar,0.5034
gucci_spring_2023_mens_004,fabric_texture,sequined_metallic,0.2656
gucci_spring_2023_mens_004,pattern,logo_monogram,0.2447
gucci_spring_2023_mens_004,embellishment,oversized_eyewear,0.3476
gucci_spring_2023_mens_005,silhouette,layered_eclectic,0.4052
gucci_spring_2023_mens_005,neckline_collar,pussy_bow,0.5486
gucci_spring_2023_mens_005,fabric_texture,leather,0.5656
gucci_spring_2023_mens_005,pattern,graphic_print,0.2321
gucci_spring_2023_mens_005,embellishment,oversized_eyewear,0.3802
gucci_spring_2023_mens_006,silhouette,casual_relaxed,0.2698
gucci_spring_2023_mens_006,neckline_collar,classic_shirt_collar,0.4784
gucci_spring_2023_mens_006,fabric_texture,leather,0.3151
gucci_spring_2023_mens_006,pattern,striped,0.4452
gucci_spring_2023_mens_006,embellishment,applique_patches,0.3962
gucci_spring_2023_mens_007,silhouette,structured_tailored,0.2229
gucci_spring_2023_mens_007,neckline_collar,classic_shirt_collar,0.2642
gucci_spring_2023_mens_007,fabric_texture,sequined_metallic,0.7019
gucci_spring_2023_mens_007,pattern,solid_no_pattern,0.2387
gucci_spring_2023_mens_007,embellishment,crystal_rhinestone,0.5006
gucci_spring_2023_mens_008,silhouette,mini_length,0.7315
gucci_spring_2023_mens_008,neckline_collar,peter_pan_collar,0.7206
gucci_spring_2023_mens_008,fabric_texture,sequined_metallic,0.325
gucci_spring_2023_mens_008,pattern,striped,0.4379
gucci_spring_2023_mens_008,embellishment,applique_patches,0.4775
gucci_spring_2023_mens_009,silhouette,structured_tailored,0.63
gucci_spring_2023_mens_009,neckline_collar,crew_neckline,0.2826
gucci_spring_2023_mens_009,fabric_texture,sequined_metallic,0.5847
gucci_spring_2023_mens_009,pattern,logo_monogram,0.3679
gucci_spring_2023_mens_009,embellishment,oversized_eyewear,0.5178
gucci_spring_2023_mens_010,silhouette,structured_tailored,0.2677
gucci_spring_2023_mens_010,neckline_collar,pussy_bow,0.4865
gucci_spring_2023_mens_010,fabric_texture,brocade_jacquard,0.3732
gucci_spring_2023_mens_010,pattern,psychedelic_geometric,0.4878
gucci_spring_2023_mens_010,embellishment,applique_patches,0.3112
gucci_spring_2023_mens_011,silhouette,mini_length,0.4321
gucci_spring_2023_mens_011,neckline_collar,classic_shirt_collar,0.4062
gucci_spring_2023_mens_011,fabric_texture,sequined_metallic,0.3456
gucci_spring_2023_mens_011,pattern,striped,0.3409
gucci_spring_2023_mens_011,embellishment,oversized_eyewear,0.5886
gucci_spring_2023_mens_012,silhouette,structured_tailored,0.5871
gucci_spring_2023_mens_012,neckline_collar,classic_shirt_collar,0.3858
gucci_spring_2023_mens_012,fabric_texture,leather,0.2876
gucci_spring_2023_mens_012,pattern,striped,0.2773
gucci_spring_2023_mens_012,embellishment,applique_patches,0.5229
gucci_spring_2023_mens_013,silhouette,structured_tailored,0.7879
gucci_spring_2023_mens_013,neckline_collar,classic_shirt_collar,0.6268
gucci_spring_2023_mens_013,fabric_texture,leather,0.2789
gucci_spring_2023_mens_013,pattern,striped,0.5471
gucci_spring_2023_mens_013,embellishment,applique_patches,0.1917
gucci_spring_2023_mens_014,silhouette,casual_relaxed,0.3437
gucci_spring_2023_mens_014,neckline_collar,turtleneck,0.3726
gucci_spring_2023_mens_014,fabric_texture,sequined_metallic,0.3965
gucci_spring_2023_mens_014,pattern,graphic_print,0.3038
gucci_spring_2023_mens_014,embellishment,oversized_eyewear,0.667
gucci_spring_2023_womens_001,silhouette,structured_tailored,0.3908
gucci_spring_2023_womens_001,neckline_collar,crew_neckline,0.4207
gucci_spring_2023_womens_001,fabric_texture,leather,0.3051
gucci_spring_2023_womens_001,pattern,solid_no_pattern,0.4106
gucci_spring_2023_womens_001,embellishment,embroidery,0.2274
gucci_spring_2023_womens_002,silhouette,maxi_length,0.6624
gucci_spring_2023_womens_002,neckline_collar,plunging_neckline,0.3427
gucci_spring_2023_womens_002,fabric_texture,velvet,0.2198
gucci_spring_2023_womens_002,pattern,solid_no_pattern,0.5488
gucci_spring_2023_womens_002,embellishment,oversized_eyewear,0.6022
gucci_spring_2023_womens_003,silhouette,structured_tailored,0.4812
gucci_spring_2023_womens_003,neckline_collar,peter_pan_collar,0.401
gucci_spring_2023_womens_003,fabric_texture,leather,0.2905
gucci_spring_2023_womens_003,pattern,striped,0.3568
gucci_spring_2023_womens_003,embellishment,layered_jewelry,0.2411
gucci_spring_2023_womens_004,silhouette,structured_tailored,0.7062
gucci_spring_2023_womens_004,neckline_collar,classic_shirt_collar,0.3052
gucci_spring_2023_womens_004,fabric_texture,sequined_metallic,0.3426
gucci_spring_2023_womens_004,pattern,striped,0.5943
gucci_spring_2023_womens_004,embellishment,pearls,0.3199
gucci_spring_2023_womens_005,silhouette,mini_length,0.2995
gucci_spring_2023_womens_005,neckline_collar,plunging_neckline,0.2793
gucci_spring_2023_womens_005,fabric_texture,leather,0.7343
gucci_spring_2023_womens_005,pattern,logo_monogram,0.2079
gucci_spring_2023_womens_005,embellishment,pearls,0.2801
gucci_spring_2023_womens_006,silhouette,layered_eclectic,0.3219
gucci_spring_2023_womens_006,neckline_collar,ruffled_high_collar,0.338
gucci_spring_2023_womens_006,fabric_texture,sequined_metallic,0.4227
gucci_spring_2023_womens_006,pattern,psychedelic_geometric,0.5728
gucci_spring_2023_womens_006,embellishment,layered_jewelry,0.2878
gucci_spring_2023_womens_007,silhouette,structured_tailored,0.478
gucci_spring_2023_womens_007,neckline_collar,crew_neckline,0.2181
gucci_spring_2023_womens_007,fabric_texture,leather,0.342
gucci_spring_2023_womens_007,pattern,striped,0.2437
gucci_spring_2023_womens_007,embellishment,oversized_eyewear,0.6963
gucci_spring_2023_womens_008,silhouette,romantic_bohemian,0.1844
gucci_spring_2023_womens_008,neckline_collar,crew_neckline,0.2956
gucci_spring_2023_womens_008,fabric_texture,leather,0.2739
gucci_spring_2023_womens_008,pattern,striped,0.4806
gucci_spring_2023_womens_008,embellishment,oversized_eyewear,0.3357
gucci_spring_2023_womens_009,silhouette,casual_relaxed,0.3246
gucci_spring_2023_womens_009,neckline_collar,plunging_neckline,0.311
gucci_spring_2023_womens_009,fabric_texture,silk,0.2499
gucci_spring_2023_womens_009,pattern,floral_print,0.3893
gucci_spring_2023_womens_009,embellishment,oversized_eyewear,0.892
gucci_spring_2023_womens_010,silhouette,layered_eclectic,0.5567
gucci_spring_2023_womens_010,neckline_collar,pussy_bow,0.4682
gucci_spring_2023_womens_010,fabric_texture,sequined_metallic,0.2697
gucci_spring_2023_womens_010,pattern,psychedelic_geometric,0.5448
gucci_spring_2023_womens_010,embellishment,oversized_eyewear,0.8213
gucci_spring_2023_womens_011,silhouette,layered_eclectic,0.3486
gucci_spring_2023_womens_011,neckline_collar,plunging_neckline,0.386
gucci_spring_2023_womens_011,fabric_texture,sequined_metallic,0.8779
gucci_spring_2023_womens_011,pattern,psychedelic_geometric,0.3341
gucci_spring_2023_womens_011,embellishment,crystal_rhinestone,0.5014
gucci_spring_2023_womens_012,silhouette,layered_eclectic,0.4244
gucci_spring_2023_womens_012,neckline_collar,turtleneck,0.579
gucci_spring_2023_womens_012,fabric_texture,sequined_metallic,0.6423
gucci_spring_2023_womens_012,pattern,psychedelic_geometric,0.4665
gucci_spring_2023_womens_012,embellishment,applique_patches,0.3541
gucci_spring_2023_womens_013,silhouette,structured_tailored,0.296
gucci_spring_2023_womens_013,neckline_collar,crew_neckline,0.2782
gucci_spring_2023_womens_013,fabric_texture,leather,0.5543
gucci_spring_2023_womens_013,pattern,striped,0.2582
gucci_spring_2023_womens_013,embellishment,layered_jewelry,0.4081
gucci_spring_2023_womens_014,silhouette,mini_length,0.4207
gucci_spring_2023_womens_014,neckline_collar,peter_pan_collar,0.605
gucci_spring_2023_womens_014,fabric_texture,leather,0.6031
gucci_spring_2023_womens_014,pattern,striped,0.4477
gucci_spring_2023_womens_014,embellishment,statement_bow,0.3863
gucci_spring_2023_womens_015,silhouette,maxi_length,0.2914
gucci_spring_2023_womens_015,neckline_collar,pussy_bow,0.3053
gucci_spring_2023_womens_015,fabric_texture,sequined_metallic,0.553
gucci_spring_2023_womens_015,pattern,floral_print,0.643
gucci_spring_2023_womens_015,embellishment,oversized_eyewear,0.248
gucci_spring_2023_womens_016,silhouette,seventies_flared,0.2528
gucci_spring_2023_womens_016,neckline_collar,turtleneck,0.2696
gucci_spring_2023_womens_016,fabric_texture,silk,0.2439
gucci_spring_2023_womens_016,pattern,solid_no_pattern,0.3126
gucci_spring_2023_womens_016,embellishment,oversized_eyewear,0.5745
gucci_spring_2023_womens_017,silhouette,romantic_bohemian,0.3363
gucci_spring_2023_womens_017,neckline_collar,plunging_neckline,0.3777
gucci_spring_2023_womens_017,fabric_texture,lace,0.3671
gucci_spring_2023_womens_017,pattern,floral_print,0.3524
gucci_spring_2023_womens_017,embellishment,embroidery,0.3318
gucci_spring_2023_womens_018,silhouette,oversized_boxy,0.201
gucci_spring_2023_womens_018,neckline_collar,peter_pan_collar,0.2025
gucci_spring_2023_womens_018,fabric_texture,leather,0.4742
gucci_spring_2023_womens_018,pattern,striped,0.4107
gucci_spring_2023_womens_018,embellishment,statement_bow,0.3064
gucci_spring_2023_womens_019,silhouette,layered_eclectic,0.5535
gucci_spring_2023_womens_019,neckline_collar,peter_pan_collar,0.6041
gucci_spring_2023_womens_019,fabric_texture,faux_fur_trim,0.3132
gucci_spring_2023_womens_019,pattern,striped,0.4291
gucci_spring_2023_womens_019,embellishment,embroidery,0.2815
